{"10000002":{"200200":{"animatorConfigPathHash":0,"characterId":10000002,"CJPALFADNOC":0,"controllerPathHash":0,"controllerRemotePathHash":0,"descTextMapHash":2373183578,"EKBEEPPBEPC":false,"frontIconName":"","GJAKFKJMKAD":0,"GMIJGOMCGOC":false,"hide":false,"ILEFLNPBGKA":false,"imageNameHash":0,"indexID":0,"isDefault":true,"itemId":0,"jsonName":"","KGAFLJJDGFI":0,"KJNEBKBDNJI":4115432410,"LJAIFCIPKFL":0,"nameTextMapHash":171482850,"prefabManekinPathHash":0,"prefabNpcPathHash":0,"prefabPathHash":0,"prefabRemotePathHash":0,"quality":0,"sideIconName":"","skinId":200200},"200201":{"animatorConfigPathHash":16603455789725430000,"characterId":10000002,"CJPALFADNOC":0,"controllerPathHash":17673295221370888000,"controllerRemotePathHash":430291944493067840,"descTextMapHash":2663678610,"EKBEEPPBEPC":false,"frontIconName":"UI_AvatarIcon_AyakaCostumeFruhling","GJAKFKJMKAD":15674264965754194000,"GMIJGOMCGOC":false,"hide":false,"ILEFLNPBGKA":false,"imageNameHash":17153758638107736000,"indexID":1,"isDefault":false,"itemId":340010,"jsonName":"Avatar_Girl_Sword_AyakaCostumeFruhling","KGAFLJJDGFI":1066153760707115500,"KJNEBKBDNJI":1951245130,"LJAIFCIPKFL":10103075333299577000,"nameTextMapHash":2768521498,"prefabManekinPathHash":8511293476587773000,"prefabNpcPathHash":17569223125650117000,"prefabPathHash":11012300754669183000,"prefabRemotePathHash":10678187531089930000,"quality":4,"sideIconName":"UI_AvatarIcon_Side_AyakaCostumeFruhling","skinId":200201}},"10000003":{"200300":{"animatorConfigPathHash":0,"characterId":10000003,"CJPALFADNOC":0,"controllerPathHash":0,"controllerRemotePathHash":0,"descTextMapHash":248153650,"EKBEEPPBEPC":false,"frontIconName":"","GJAKFKJMKAD":0,"GMIJGOMCGOC":false,"hide":false,"ILEFLNPBGKA":true,"imageNameHash":0,"indexID":0,"isDefault":true,"itemId":0,"jsonName":"","KGAFLJJDGFI":0,"KJNEBKBDNJI":1505135178,"LJAIFCIPKFL":0,"nameTextMapHash":2431528538,"prefabManekinPathHash":0,"prefabNpcPathHash":0,"prefabPathHash":0,"prefabRemotePathHash":0,"quality":0,"sideIconName":"","skinId":200300},"200301":{"animatorConfigPathHash":0,"characterId":10000003,"CJPALFADNOC":0,"controllerPathHash":0,"controllerRemotePathHash":0,"descTextMapHash":3529954098,"EKBEEPPBEPC":false,"frontIconName":"UI_AvatarIcon_QinCostumeSea","GJAKFKJMKAD":0,"GMIJGOMCGOC":false,"hide":false,"ILEFLNPBGKA":false,"imageNameHash":7856783315815955000,"indexID":2,"isDefault":false,"itemId":340001,"jsonName":"Avatar_Lady_Sword_QinCostumeSea","KGAFLJJDGFI":0,"KJNEBKBDNJI":1926285474,"LJAIFCIPKFL":3634508134047269400,"nameTextMapHash":1504245738,"prefabManekinPathHash":16220654252350374000,"prefabNpcPathHash":2693372009414780000,"prefabPathHash":9215865218573513000,"prefabRemotePathHash":17992774763103844000,"quality":4,"sideIconName":"UI_AvatarIcon_Side_QinCostumeSea","skinId":200301},"200302":{"animatorConfigPathHash":0,"characterId":10000003,"CJPALFADNOC":0,"controllerPathHash":0,"controllerRemotePathHash":0,"descTextMapHash":1553444314,"EKBEEPPBEPC":false,"frontIconName":"UI_AvatarIcon_QinCostumeWic","GJAKFKJMKAD":0,"GMIJGOMCGOC":true,"hide":true,"ILEFLNPBGKA":false,"imageNameHash":2268507951203388000,"indexID":1,"isDefault":false,"itemId":340006,"jsonName":"Avatar_Lady_Sword_QinCostumeWic","KGAFLJJDGFI":0,"KJNEBKBDNJI":4131612378,"LJAIFCIPKFL":7419098755292597000,"nameTextMapHash":2691230306,"prefabManekinPathHash":6257448215821890000,"prefabNpcPathHash":8899383397730056000,"prefabPathHash":11789304378759268000,"prefabRemotePathHash":2508262379750057000,"quality":4,"sideIconName":"UI_AvatarIcon_Side_QinCostumeWic","skinId":200302}},"10000005":{"200500":{"animatorConfigPathHash":0,"characterId":10000005,"CJPALFADNOC":0,"controllerPathHash":0,"controllerRemotePathHash":0,"descTextMapHash":2814665554,"EKBEEPPBEPC":false,"frontIconName":"","GJAKFKJMKAD":0,"GMIJGOMCGOC":false,"hide":false,"ILEFLNPBGKA":false,"imageNameHash":0,"indexID":0,"isDefault":true,"itemId":0,"jsonName":"","KGAFLJJDGFI":0,"KJNEBKBDNJI":2472902970,"LJAIFCIPKFL":0,"nameTextMapHash":1648736450,"prefabManekinPathHash":0,"prefabNpcPathHash":0,"prefabPathHash":0,"prefabRemotePathHash":0,"quality":0,"sideIconName":"","skinId":200500}},"10000006":{"200600":{"animatorConfigPathHash":0,"characterId":10000006,"CJPALFADNOC":0,"controllerPathHash":0,"controllerRemotePathHash":0,"descTextMapHash":3946345210,"EKBEEPPBEPC":false,"frontIconName":"","GJAKFKJMKAD":0,"GMIJGOMCGOC":false,"hide":false,"ILEFLNPBGKA":false,"imageNameHash":0,"indexID":0,"isDefault":true,"itemId":0,"jsonName":"","KGAFLJJDGFI":0,"KJNEBKBDNJI":1904582354,"LJAIFCIPKFL":0,"nameTextMapHash":672166154,"prefabManekinPathHash":0,"prefabNpcPathHash":0,"prefabPathHash":0,"prefabRemotePathHash":0,"quality":0,"sideIconName":"","skinId":200600},"200601":{"animatorConfigPathHash":5920923966167289000,"characterId":10000006,"CJPALFADNOC":0,"controllerPathHash":3844565694031600600,"controllerRemotePathHash":8887732179020530000,"descTextMapHash":2734308554,"EKBEEPPBEPC":false,"frontIconName":"UI_AvatarIcon_LisaCostumeStudentin","GJAKFKJMKAD":7252708095919229000,"GMIJGOMCGOC":false,"hide":false,"ILEFLNPBGKA":false,"imageNameHash":3666831924373171000,"indexID":1,"isDefault":false,"itemId":340011,"jsonName":"Avatar_Lady_Catalyst_LisaCostumeStudentin","KGAFLJJDGFI":6743697234004768000,"KJNEBKBDNJI":1651231962,"LJAIFCIPKFL":12184526212600211000,"nameTextMapHash":2255412906,"prefabManekinPathHash":9138671107307150000,"prefabNpcPathHash":5639347602417794000,"prefabPathHash":12600550299813160000,"prefabRemotePathHash":5893029251442558000,"quality":4,"sideIconName":"UI_AvatarIcon_Side_LisaCostumeStudentin","skinId":200601}},"10000007":{"200700":{"animatorConfigPathHash":0,"characterId":10000007,"CJPALFADNOC":0,"controllerPathHash":0,"controllerRemotePathHash":0,"descTextMapHash":2020994066,"EKBEEPPBEPC":false,"frontIconName":"","GJAKFKJMKAD":0,"GMIJGOMCGOC":false,"hide":false,"ILEFLNPBGKA":false,"imageNameHash":0,"indexID":0,"isDefault":true,"itemId":0,"jsonName":"","KGAFLJJDGFI":0,"KJNEBKBDNJI":3785746442,"LJAIFCIPKFL":0,"nameTextMapHash":3561662730,"prefabManekinPathHash":0,"prefabNpcPathHash":0,"prefabPathHash":0,"prefabRemotePathHash":0,"quality":0,"sideIconName":"","skinId":200700}},"10000014":{"201400":{"animatorConfigPathHash":0,"characterId":10000014,"CJPALFADNOC":0,"controllerPathHash":0,"controllerRemotePathHash":0,"descTextMapHash":3092975850,"EKBEEPPBEPC":false,"frontIconName":"","GJAKFKJMKAD":0,"GMIJGOMCGOC":false,"hide":false,"ILEFLNPBGKA":false,"imageNameHash":0,"indexID":0,"isDefault":true,"itemId":0,"jsonName":"","KGAFLJJDGFI":0,"KJNEBKBDNJI":720854586,"LJAIFCIPKFL":0,"nameTextMapHash":2895548298,"prefabManekinPathHash":0,"prefabNpcPathHash":0,"prefabPathHash":0,"prefabRemotePathHash":0,"quality":0,"sideIconName":"","skinId":201400},"201401":{"animatorConfigPathHash":0,"characterId":10000014,"CJPALFADNOC":0,"controllerPathHash":0,"controllerRemotePathHash":0,"descTextMapHash":2644173682,"EKBEEPPBEPC":false,"frontIconName":"UI_AvatarIcon_BarbaraCostumeSummertime","GJAKFKJMKAD":0,"GMIJGOMCGOC":false,"hide":false,"ILEFLNPBGKA":false,"imageNameHash":16049450277489158000,"indexID":1,"isDefault":false,"itemId":340000,"jsonName":"Avatar_Girl_Catalyst_BarbaraCostumeSummertime","KGAFLJJDGFI":0,"KJNEBKBDNJI":1666935714,"LJAIFCIPKFL":17692349984920977000,"nameTextMapHash":4121525482,"prefabManekinPathHash":7590386921274555000,"prefabNpcPathHash":5183081712927355000,"prefabPathHash":10565960914446858000,"prefabRemotePathHash":10341761028724613000,"quality":4,"sideIconName":"UI_AvatarIcon_Side_BarbaraCostumeSummertime","skinId":201401}},"10000015":{"201500":{"animatorConfigPathHash":0,"characterId":10000015,"CJPALFADNOC":0,"controllerPathHash":0,"controllerRemotePathHash":0,"descTextMapHash":1523967378,"EKBEEPPBEPC":false,"frontIconName":"","GJAKFKJMKAD":0,"GMIJGOMCGOC":false,"hide":false,"ILEFLNPBGKA":false,"imageNameHash":0,"indexID":0,"isDefault":true,"itemId":0,"jsonName":"","KGAFLJJDGFI":0,"KJNEBKBDNJI":3832195522,"LJAIFCIPKFL":0,"nameTextMapHash":4036813530,"prefabManekinPathHash":0,"prefabNpcPathHash":0,"prefabPathHash":0,"prefabRemotePathHash":0,"quality":0,"sideIconName":"","skinId":201500},"201501":{"animatorConfigPathHash":0,"characterId":10000015,"CJPALFADNOC":0,"controllerPathHash":0,"controllerRemotePathHash":0,"descTextMapHash":2590769514,"EKBEEPPBEPC":false,"frontIconName":"UI_AvatarIcon_KaeyaCostumeDancer","GJAKFKJMKAD":0,"GMIJGOMCGOC":false,"hide":false,"ILEFLNPBGKA":false,"imageNameHash":6823783867527131000,"indexID":1,"isDefault":false,"itemId":340013,"jsonName":"Avatar_Male_Sword_KaeyaCostumeDancer","KGAFLJJDGFI":0,"KJNEBKBDNJI":487077346,"LJAIFCIPKFL":5002861976005417000,"nameTextMapHash":177626138,"prefabManekinPathHash":5213861121553670000,"prefabNpcPathHash":477895560165567300,"prefabPathHash":494681429835695000,"prefabRemotePathHash":15807700893622235000,"quality":4,"sideIconName":"UI_AvatarIcon_Side_KaeyaCostumeDancer","skinId":201501}},"10000016":{"201600":{"animatorConfigPathHash":0,"characterId":10000016,"CJPALFADNOC":0,"controllerPathHash":0,"controllerRemotePathHash":0,"descTextMapHash":2401924570,"EKBEEPPBEPC":false,"frontIconName":"","GJAKFKJMKAD":0,"GMIJGOMCGOC":false,"hide":false,"ILEFLNPBGKA":false,"imageNameHash":0,"indexID":0,"isDefault":true,"itemId":0,"jsonName":"","KGAFLJJDGFI":0,"KJNEBKBDNJI":407220434,"LJAIFCIPKFL":0,"nameTextMapHash":674973162,"prefabManekinPathHash":0,"prefabNpcPathHash":0,"prefabPathHash":0,"prefabRemotePathHash":0,"quality":0,"sideIconName":"","skinId":201600},"201601":{"animatorConfigPathHash":17146454811973010000,"characterId":10000016,"CJPALFADNOC":0,"controllerPathHash":9590652495663153000,"controllerRemotePathHash":4585718866811975000,"descTextMapHash":3295060426,"EKBEEPPBEPC":false,"frontIconName":"UI_AvatarIcon_DilucCostumeFlamme","GJAKFKJMKAD":2983269504837449700,"GMIJGOMCGOC":false,"hide":false,"ILEFLNPBGKA":false,"imageNameHash":3029142693095236000,"indexID":1,"isDefault":false,"itemId":340004,"jsonName":"Avatar_Male_Claymore_DilucCostumeFlamme","KGAFLJJDGFI":2641804271410635000,"KJNEBKBDNJI":1206674690,"LJAIFCIPKFL":17998867110601988000,"nameTextMapHash":1332852170,"prefabManekinPathHash":13676438560609835000,"prefabNpcPathHash":7202002721915920000,"prefabPathHash":10368416818400608000,"prefabRemotePathHash":15335225919554738000,"quality":5,"sideIconName":"UI_AvatarIcon_Side_DilucCostumeFlamme","skinId":201601}},"10000020":{"202000":{"animatorConfigPathHash":0,"characterId":10000020,"CJPALFADNOC":0,"controllerPathHash":0,"controllerRemotePathHash":0,"descTextMapHash":2955915298,"EKBEEPPBEPC":false,"frontIconName":"","GJAKFKJMKAD":0,"GMIJGOMCGOC":false,"hide":false,"ILEFLNPBGKA":false,"imageNameHash":0,"indexID":0,"isDefault":true,"itemId":0,"jsonName":"","KGAFLJJDGFI":0,"KJNEBKBDNJI":1415189858,"LJAIFCIPKFL":0,"nameTextMapHash":1677296490,"prefabManekinPathHash":0,"prefabNpcPathHash":0,"prefabPathHash":0,"prefabRemotePathHash":0,"quality":0,"sideIconName":"","skinId":202000}},"10000021":{"202100":{"animatorConfigPathHash":0,"characterId":10000021,"CJPALFADNOC":0,"controllerPathHash":0,"controllerRemotePathHash":0,"descTextMapHash":2978334658,"EKBEEPPBEPC":false,"frontIconName":"","GJAKFKJMKAD":0,"GMIJGOMCGOC":false,"hide":false,"ILEFLNPBGKA":true,"imageNameHash":0,"indexID":0,"isDefault":true,"itemId":0,"jsonName":"","KGAFLJJDGFI":0,"KJNEBKBDNJI":950172610,"LJAIFCIPKFL":0,"nameTextMapHash":690774682,"prefabManekinPathHash":0,"prefabNpcPathHash":0,"prefabPathHash":0,"prefabRemotePathHash":0,"quality":0,"sideIconName":"","skinId":202100},"202101":{"animatorConfigPathHash":0,"characterId":10000021,"CJPALFADNOC":0,"controllerPathHash":0,"controllerRemotePathHash":0,"descTextMapHash":2955174482,"EKBEEPPBEPC":false,"frontIconName":"UI_AvatarIcon_AmborCostumeWic","GJAKFKJMKAD":0,"GMIJGOMCGOC":true,"hide":true,"ILEFLNPBGKA":false,"imageNameHash":1673287744058013000,"indexID":1,"isDefault":false,"itemId":340007,"jsonName":"Avatar_Girl_Bow_AmborCostumeWic","KGAFLJJDGFI":0,"KJNEBKBDNJI":3190451170,"LJAIFCIPKFL":8585842464129120000,"nameTextMapHash":4237698530,"prefabManekinPathHash":11555033508243667000,"prefabNpcPathHash":16495873575277371000,"prefabPathHash":7122218723217693000,"prefabRemotePathHash":14462486063824583000,"quality":4,"sideIconName":"UI_AvatarIcon_Side_AmborCostumeWic","skinId":202101}},"10000022":{"202200":{"animatorConfigPathHash":0,"characterId":10000022,"CJPALFADNOC":0,"controllerPathHash":0,"controllerRemotePathHash":0,"descTextMapHash":3977341762,"EKBEEPPBEPC":false,"frontIconName":"","GJAKFKJMKAD":0,"GMIJGOMCGOC":false,"hide":false,"ILEFLNPBGKA":false,"imageNameHash":0,"indexID":0,"isDefault":true,"itemId":0,"jsonName":"","KGAFLJJDGFI":0,"KJNEBKBDNJI":1380738130,"LJAIFCIPKFL":0,"nameTextMapHash":3806453578,"prefabManekinPathHash":0,"prefabNpcPathHash":0,"prefabPathHash":0,"prefabRemotePathHash":0,"quality":0,"sideIconName":"","skinId":202200}},"10000023":{"202300":{"animatorConfigPathHash":0,"characterId":10000023,"CJPALFADNOC":0,"controllerPathHash":0,"controllerRemotePathHash":0,"descTextMapHash":2478839258,"EKBEEPPBEPC":false,"frontIconName":"","GJAKFKJMKAD":0,"GMIJGOMCGOC":false,"hide":false,"ILEFLNPBGKA":false,"imageNameHash":0,"indexID":0,"isDefault":true,"itemId":0,"jsonName":"","KGAFLJJDGFI":0,"KJNEBKBDNJI":2168558578,"LJAIFCIPKFL":0,"nameTextMapHash":2926593050,"prefabManekinPathHash":0,"prefabNpcPathHash":0,"prefabPathHash":0,"prefabRemotePathHash":0,"quality":0,"sideIconName":"","skinId":202300},"202301":{"animatorConfigPathHash":18391637430908082000,"characterId":10000023,"CJPALFADNOC":0,"controllerPathHash":5118180850961350000,"controllerRemotePathHash":10196403020682996000,"descTextMapHash":3704801658,"EKBEEPPBEPC":false,"frontIconName":"UI_AvatarIcon_XianglingCostumeWinter","GJAKFKJMKAD":5896373471589186000,"GMIJGOMCGOC":false,"hide":false,"ILEFLNPBGKA":false,"imageNameHash":12560219265155160000,"indexID":1,"isDefault":false,"itemId":340020,"jsonName":"Avatar_Girl_Pole_XianglingCostumeWinter","KGAFLJJDGFI":15592533477897634000,"KJNEBKBDNJI":1687681834,"LJAIFCIPKFL":13695067350863368000,"nameTextMapHash":3584800114,"prefabManekinPathHash":11249329097296183000,"prefabNpcPathHash":3662724982812999000,"prefabPathHash":804895169000894700,"prefabRemotePathHash":15717631072147569000,"quality":4,"sideIconName":"UI_AvatarIcon_Side_XianglingCostumeWinter","skinId":202301}},"10000024":{"202400":{"animatorConfigPathHash":0,"characterId":10000024,"CJPALFADNOC":0,"controllerPathHash":0,"controllerRemotePathHash":0,"descTextMapHash":1844332810,"EKBEEPPBEPC":false,"frontIconName":"","GJAKFKJMKAD":0,"GMIJGOMCGOC":false,"hide":false,"ILEFLNPBGKA":false,"imageNameHash":0,"indexID":0,"isDefault":true,"itemId":0,"jsonName":"","KGAFLJJDGFI":0,"KJNEBKBDNJI":114943610,"LJAIFCIPKFL":0,"nameTextMapHash":2091122082,"prefabManekinPathHash":0,"prefabNpcPathHash":0,"prefabPathHash":0,"prefabRemotePathHash":0,"quality":0,"sideIconName":"","skinId":202400}},"10000025":{"202500":{"animatorConfigPathHash":0,"characterId":10000025,"CJPALFADNOC":0,"controllerPathHash":0,"controllerRemotePathHash":0,"descTextMapHash":1606071354,"EKBEEPPBEPC":false,"frontIconName":"","GJAKFKJMKAD":0,"GMIJGOMCGOC":false,"hide":false,"ILEFLNPBGKA":false,"imageNameHash":0,"indexID":0,"isDefault":true,"itemId":0,"jsonName":"","KGAFLJJDGFI":0,"KJNEBKBDNJI":1983870330,"LJAIFCIPKFL":0,"nameTextMapHash":3118674250,"prefabManekinPathHash":0,"prefabNpcPathHash":0,"prefabPathHash":0,"prefabRemotePathHash":0,"quality":0,"sideIconName":"","skinId":202500},"202501":{"animatorConfigPathHash":0,"characterId":10000025,"CJPALFADNOC":0,"controllerPathHash":0,"controllerRemotePathHash":0,"descTextMapHash":2374826642,"EKBEEPPBEPC":false,"frontIconName":"UI_AvatarIcon_XingqiuCostumeBamboo","GJAKFKJMKAD":0,"GMIJGOMCGOC":false,"hide":false,"ILEFLNPBGKA":false,"imageNameHash":16611982762112193000,"indexID":1,"isDefault":false,"itemId":340016,"jsonName":"Avatar_Boy_Sword_XingqiuCostumeBamboo","KGAFLJJDGFI":0,"KJNEBKBDNJI":3976301026,"LJAIFCIPKFL":3476514916662296600,"nameTextMapHash":1935444386,"prefabManekinPathHash":14993972050868744000,"prefabNpcPathHash":1199989316314760400,"prefabPathHash":3120277132814718500,"prefabRemotePathHash":9952537578809033000,"quality":4,"sideIconName":"UI_AvatarIcon_Side_XingqiuCostumeBamboo","skinId":202501}},"10000026":{"202600":{"animatorConfigPathHash":0,"characterId":10000026,"CJPALFADNOC":0,"controllerPathHash":0,"controllerRemotePathHash":0,"descTextMapHash":3291997178,"EKBEEPPBEPC":false,"frontIconName":"","GJAKFKJMKAD":0,"GMIJGOMCGOC":false,"hide":false,"ILEFLNPBGKA":false,"imageNameHash":0,"indexID":0,"isDefault":true,"itemId":0,"jsonName":"","KGAFLJJDGFI":0,"KJNEBKBDNJI":358753146,"LJAIFCIPKFL":0,"nameTextMapHash":2696933402,"prefabManekinPathHash":0,"prefabNpcPathHash":0,"prefabPathHash":0,"prefabRemotePathHash":0,"quality":0,"sideIconName":"","skinId":202600}},"10000027":{"202700":{"animatorConfigPathHash":0,"characterId":10000027,"CJPALFADNOC":0,"controllerPathHash":0,"controllerRemotePathHash":0,"descTextMapHash":3980318498,"EKBEEPPBEPC":false,"frontIconName":"","GJAKFKJMKAD":0,"GMIJGOMCGOC":false,"hide":false,"ILEFLNPBGKA":false,"imageNameHash":0,"indexID":0,"isDefault":true,"itemId":0,"jsonName":"","KGAFLJJDGFI":0,"KJNEBKBDNJI":3298382850,"LJAIFCIPKFL":0,"nameTextMapHash":116451794,"prefabManekinPathHash":0,"prefabNpcPathHash":0,"prefabPathHash":0,"prefabRemotePathHash":0,"quality":0,"sideIconName":"","skinId":202700},"202701":{"animatorConfigPathHash":0,"characterId":10000027,"CJPALFADNOC":0,"controllerPathHash":0,"controllerRemotePathHash":0,"descTextMapHash":720597146,"EKBEEPPBEPC":false,"frontIconName":"UI_AvatarIcon_NingguangCostumeFloral","GJAKFKJMKAD":0,"GMIJGOMCGOC":false,"hide":false,"ILEFLNPBGKA":false,"imageNameHash":13693364619168872000,"indexID":1,"isDefault":false,"itemId":340002,"jsonName":"Avatar_Lady_Catalyst_NingguangCostumeFloral","KGAFLJJDGFI":0,"KJNEBKBDNJI":3464014146,"LJAIFCIPKFL":5359129983543856000,"nameTextMapHash":2572106930,"prefabManekinPathHash":1433662792352814000,"prefabNpcPathHash":9773804280703926000,"prefabPathHash":15863689246053601000,"prefabRemotePathHash":11681843191975356000,"quality":4,"sideIconName":"UI_AvatarIcon_Side_NingguangCostumeFloral","skinId":202701}},"10000029":{"202900":{"animatorConfigPathHash":0,"characterId":10000029,"CJPALFADNOC":0,"controllerPathHash":0,"controllerRemotePathHash":0,"descTextMapHash":3488214794,"EKBEEPPBEPC":false,"frontIconName":"","GJAKFKJMKAD":0,"GMIJGOMCGOC":false,"hide":false,"ILEFLNPBGKA":false,"imageNameHash":0,"indexID":0,"isDefault":true,"itemId":0,"jsonName":"","KGAFLJJDGFI":0,"KJNEBKBDNJI":2453574186,"LJAIFCIPKFL":0,"nameTextMapHash":1023505626,"prefabManekinPathHash":0,"prefabNpcPathHash":0,"prefabPathHash":0,"prefabRemotePathHash":0,"quality":0,"sideIconName":"","skinId":202900},"202901":{"animatorConfigPathHash":6894630599703930000,"characterId":10000029,"CJPALFADNOC":0,"controllerPathHash":1552326239233510700,"controllerRemotePathHash":5630855241666821000,"descTextMapHash":1807518842,"EKBEEPPBEPC":false,"frontIconName":"UI_AvatarIcon_KleeCostumeWitch","GJAKFKJMKAD":12132806731708700000,"GMIJGOMCGOC":false,"hide":false,"ILEFLNPBGKA":false,"imageNameHash":16796031080227060000,"indexID":1,"isDefault":false,"itemId":340012,"jsonName":"Avatar_Loli_Catalyst_KleeCostumeWitch","KGAFLJJDGFI":6652860410999361000,"KJNEBKBDNJI":2153980162,"LJAIFCIPKFL":18106315886010479000,"nameTextMapHash":2343491290,"prefabManekinPathHash":860060720579263700,"prefabNpcPathHash":13685423552966791000,"prefabPathHash":14487796459102730000,"prefabRemotePathHash":13958116777399183000,"quality":4,"sideIconName":"UI_AvatarIcon_Side_KleeCostumeWitch","skinId":202901}},"10000030":{"203000":{"animatorConfigPathHash":0,"characterId":10000030,"CJPALFADNOC":0,"controllerPathHash":0,"controllerRemotePathHash":0,"descTextMapHash":2640185922,"EKBEEPPBEPC":false,"frontIconName":"","GJAKFKJMKAD":0,"GMIJGOMCGOC":false,"hide":false,"ILEFLNPBGKA":false,"imageNameHash":0,"indexID":0,"isDefault":true,"itemId":0,"jsonName":"","KGAFLJJDGFI":0,"KJNEBKBDNJI":1725539898,"LJAIFCIPKFL":0,"nameTextMapHash":41327378,"prefabManekinPathHash":0,"prefabNpcPathHash":0,"prefabPathHash":0,"prefabRemotePathHash":0,"quality":0,"sideIconName":"","skinId":203000}},"10000031":{"203100":{"animatorConfigPathHash":0,"characterId":10000031,"CJPALFADNOC":0,"controllerPathHash":0,"controllerRemotePathHash":0,"descTextMapHash":4134576130,"EKBEEPPBEPC":false,"frontIconName":"","GJAKFKJMKAD":0,"GMIJGOMCGOC":false,"hide":false,"ILEFLNPBGKA":false,"imageNameHash":0,"indexID":0,"isDefault":true,"itemId":0,"jsonName":"","KGAFLJJDGFI":0,"KJNEBKBDNJI":585668538,"LJAIFCIPKFL":0,"nameTextMapHash":2969091354,"prefabManekinPathHash":0,"prefabNpcPathHash":0,"prefabPathHash":0,"prefabRemotePathHash":0,"quality":0,"sideIconName":"","skinId":203100},"203101":{"animatorConfigPathHash":16874910532900252000,"characterId":10000031,"CJPALFADNOC":0,"controllerPathHash":9561591276388174000,"controllerRemotePathHash":7514891772841965000,"descTextMapHash":2089933442,"EKBEEPPBEPC":false,"frontIconName":"UI_AvatarIcon_FischlCostumeHighness","GJAKFKJMKAD":7155439830413171000,"GMIJGOMCGOC":false,"hide":false,"ILEFLNPBGKA":false,"imageNameHash":16903652226668882000,"indexID":1,"isDefault":false,"itemId":340005,"jsonName":"Avatar_Girl_Bow_FischlCostumeHighness","KGAFLJJDGFI":6775543031666606000,"KJNEBKBDNJI":2924220338,"LJAIFCIPKFL":13082938567402992000,"nameTextMapHash":3162794298,"prefabManekinPathHash":1849563772142813400,"prefabNpcPathHash":16733412713662534000,"prefabPathHash":13534430752549235000,"prefabRemotePathHash":1058632974177999900,"quality":4,"sideIconName":"UI_AvatarIcon_Side_FischlCostumeHighness","skinId":203101}},"10000032":{"203200":{"animatorConfigPathHash":0,"characterId":10000032,"CJPALFADNOC":0,"controllerPathHash":0,"controllerRemotePathHash":0,"descTextMapHash":3111188850,"EKBEEPPBEPC":false,"frontIconName":"","GJAKFKJMKAD":0,"GMIJGOMCGOC":false,"hide":false,"ILEFLNPBGKA":false,"imageNameHash":0,"indexID":0,"isDefault":true,"itemId":0,"jsonName":"","KGAFLJJDGFI":0,"KJNEBKBDNJI":1550389962,"LJAIFCIPKFL":0,"nameTextMapHash":2359403186,"prefabManekinPathHash":0,"prefabNpcPathHash":0,"prefabPathHash":0,"prefabRemotePathHash":0,"quality":0,"sideIconName":"","skinId":203200},"203201":{"animatorConfigPathHash":13575765080626878000,"characterId":10000032,"CJPALFADNOC":0,"controllerPathHash":11874217203150033000,"controllerRemotePathHash":9267231917530345000,"descTextMapHash":3786382554,"EKBEEPPBEPC":false,"frontIconName":"UI_AvatarIcon_BennettCostumeSummer","GJAKFKJMKAD":17546010102485088000,"GMIJGOMCGOC":false,"hide":false,"ILEFLNPBGKA":false,"imageNameHash":16320976083254061000,"indexID":1,"isDefault":false,"itemId":340022,"jsonName":"Avatar_Boy_Sword_BennettCostumeSummer","KGAFLJJDGFI":4441362384177750000,"KJNEBKBDNJI":1198287930,"LJAIFCIPKFL":10724603813308600000,"nameTextMapHash":940723026,"prefabManekinPathHash":1008673611611677600,"prefabNpcPathHash":5922074496095072000,"prefabPathHash":12431726503383728000,"prefabRemotePathHash":13166911648540463000,"quality":4,"sideIconName":"UI_AvatarIcon_Side_BennettCostumeSummer","skinId":203201}},"10000033":{"203300":{"animatorConfigPathHash":0,"characterId":10000033,"CJPALFADNOC":0,"controllerPathHash":0,"controllerRemotePathHash":0,"descTextMapHash":1165773426,"EKBEEPPBEPC":false,"frontIconName":"","GJAKFKJMKAD":0,"GMIJGOMCGOC":false,"hide":false,"ILEFLNPBGKA":false,"imageNameHash":0,"indexID":0,"isDefault":true,"itemId":0,"jsonName":"","KGAFLJJDGFI":0,"KJNEBKBDNJI":228163226,"LJAIFCIPKFL":0,"nameTextMapHash":369350914,"prefabManekinPathHash":0,"prefabNpcPathHash":0,"prefabPathHash":0,"prefabRemotePathHash":0,"quality":0,"sideIconName":"","skinId":203300}},"10000034":{"203400":{"animatorConfigPathHash":0,"characterId":10000034,"CJPALFADNOC":0,"controllerPathHash":0,"controllerRemotePathHash":0,"descTextMapHash":102807738,"EKBEEPPBEPC":false,"frontIconName":"","GJAKFKJMKAD":0,"GMIJGOMCGOC":false,"hide":false,"ILEFLNPBGKA":false,"imageNameHash":0,"indexID":0,"isDefault":true,"itemId":0,"jsonName":"","KGAFLJJDGFI":0,"KJNEBKBDNJI":2916583738,"LJAIFCIPKFL":0,"nameTextMapHash":1660794338,"prefabManekinPathHash":0,"prefabNpcPathHash":0,"prefabPathHash":0,"prefabRemotePathHash":0,"quality":0,"sideIconName":"","skinId":203400}},"10000035":{"203500":{"animatorConfigPathHash":0,"characterId":10000035,"CJPALFADNOC":0,"controllerPathHash":0,"controllerRemotePathHash":0,"descTextMapHash":4056261530,"EKBEEPPBEPC":false,"frontIconName":"","GJAKFKJMKAD":0,"GMIJGOMCGOC":false,"hide":false,"ILEFLNPBGKA":false,"imageNameHash":0,"indexID":0,"isDefault":true,"itemId":0,"jsonName":"","KGAFLJJDGFI":0,"KJNEBKBDNJI":321031050,"LJAIFCIPKFL":0,"nameTextMapHash":2620016810,"prefabManekinPathHash":0,"prefabNpcPathHash":0,"prefabPathHash":0,"prefabRemotePathHash":0,"quality":0,"sideIconName":"","skinId":203500}},"10000036":{"203600":{"animatorConfigPathHash":0,"characterId":10000036,"CJPALFADNOC":0,"controllerPathHash":0,"controllerRemotePathHash":0,"descTextMapHash":3971237746,"EKBEEPPBEPC":false,"frontIconName":"","GJAKFKJMKAD":0,"GMIJGOMCGOC":false,"hide":false,"ILEFLNPBGKA":false,"imageNameHash":0,"indexID":0,"isDefault":true,"itemId":0,"jsonName":"","KGAFLJJDGFI":0,"KJNEBKBDNJI":2875653322,"LJAIFCIPKFL":0,"nameTextMapHash":1142485354,"prefabManekinPathHash":0,"prefabNpcPathHash":0,"prefabPathHash":0,"prefabRemotePathHash":0,"quality":0,"sideIconName":"","skinId":203600}},"10000037":{"203700":{"animatorConfigPathHash":0,"characterId":10000037,"CJPALFADNOC":0,"controllerPathHash":0,"controllerRemotePathHash":0,"descTextMapHash":1209631242,"EKBEEPPBEPC":false,"frontIconName":"","GJAKFKJMKAD":0,"GMIJGOMCGOC":false,"hide":false,"ILEFLNPBGKA":false,"imageNameHash":0,"indexID":0,"isDefault":true,"itemId":0,"jsonName":"","KGAFLJJDGFI":0,"KJNEBKBDNJI":302240442,"LJAIFCIPKFL":0,"nameTextMapHash":4131676042,"prefabManekinPathHash":0,"prefabNpcPathHash":0,"prefabPathHash":0,"prefabRemotePathHash":0,"quality":0,"sideIconName":"","skinId":203700},"203701":{"animatorConfigPathHash":10325762936017633000,"characterId":10000037,"CJPALFADNOC":0,"controllerPathHash":17301494551858321000,"controllerRemotePathHash":13724098110668937000,"descTextMapHash":2352085090,"EKBEEPPBEPC":false,"frontIconName":"UI_AvatarIcon_GanyuCostumeYu","GJAKFKJMKAD":3881822365041315300,"GMIJGOMCGOC":false,"hide":false,"ILEFLNPBGKA":false,"imageNameHash":4484569006207970000,"indexID":1,"isDefault":false,"itemId":340015,"jsonName":"Avatar_Girl_Bow_GanyuCostumeYu","KGAFLJJDGFI":12545856595676686000,"KJNEBKBDNJI":896749402,"LJAIFCIPKFL":16081736837206258000,"nameTextMapHash":1442607890,"prefabManekinPathHash":109831431656997900,"prefabNpcPathHash":17066423753093830000,"prefabPathHash":7498173519010298000,"prefabRemotePathHash":13647647765974420000,"quality":4,"sideIconName":"UI_AvatarIcon_Side_GanyuCostumeYu","skinId":203701}},"10000038":{"203800":{"animatorConfigPathHash":0,"characterId":10000038,"CJPALFADNOC":0,"controllerPathHash":0,"controllerRemotePathHash":0,"descTextMapHash":310650770,"EKBEEPPBEPC":false,"frontIconName":"","GJAKFKJMKAD":0,"GMIJGOMCGOC":false,"hide":false,"ILEFLNPBGKA":false,"imageNameHash":0,"indexID":0,"isDefault":true,"itemId":0,"jsonName":"","KGAFLJJDGFI":0,"KJNEBKBDNJI":4122931858,"LJAIFCIPKFL":0,"nameTextMapHash":3397577098,"prefabManekinPathHash":0,"prefabNpcPathHash":0,"prefabPathHash":0,"prefabRemotePathHash":0,"quality":0,"sideIconName":"","skinId":203800}},"10000039":{"203900":{"animatorConfigPathHash":0,"characterId":10000039,"CJPALFADNOC":0,"controllerPathHash":0,"controllerRemotePathHash":0,"descTextMapHash":670221618,"EKBEEPPBEPC":false,"frontIconName":"","GJAKFKJMKAD":0,"GMIJGOMCGOC":false,"hide":false,"ILEFLNPBGKA":false,"imageNameHash":0,"indexID":0,"isDefault":true,"itemId":0,"jsonName":"","KGAFLJJDGFI":0,"KJNEBKBDNJI":1656138802,"LJAIFCIPKFL":0,"nameTextMapHash":2364432618,"prefabManekinPathHash":0,"prefabNpcPathHash":0,"prefabPathHash":0,"prefabRemotePathHash":0,"quality":0,"sideIconName":"","skinId":203900}},"10000041":{"204100":{"animatorConfigPathHash":0,"characterId":10000041,"CJPALFADNOC":0,"controllerPathHash":0,"controllerRemotePathHash":0,"descTextMapHash":871545986,"EKBEEPPBEPC":false,"frontIconName":"","GJAKFKJMKAD":0,"GMIJGOMCGOC":false,"hide":false,"ILEFLNPBGKA":true,"imageNameHash":0,"indexID":0,"isDefault":true,"itemId":0,"jsonName":"","KGAFLJJDGFI":0,"KJNEBKBDNJI":1332974098,"LJAIFCIPKFL":0,"nameTextMapHash":4029369362,"prefabManekinPathHash":0,"prefabNpcPathHash":0,"prefabPathHash":0,"prefabRemotePathHash":0,"quality":0,"sideIconName":"","skinId":204100},"204101":{"animatorConfigPathHash":0,"characterId":10000041,"CJPALFADNOC":0,"controllerPathHash":0,"controllerRemotePathHash":0,"descTextMapHash":2912743770,"EKBEEPPBEPC":false,"frontIconName":"UI_AvatarIcon_MonaCostumeWic","GJAKFKJMKAD":0,"GMIJGOMCGOC":true,"hide":true,"ILEFLNPBGKA":false,"imageNameHash":5743696895040121000,"indexID":1,"isDefault":false,"itemId":340008,"jsonName":"Avatar_Girl_Catalyst_MonaCostumeWic","KGAFLJJDGFI":0,"KJNEBKBDNJI":2509769450,"LJAIFCIPKFL":8177863288410569000,"nameTextMapHash":1860400666,"prefabManekinPathHash":5022057012086514000,"prefabNpcPathHash":1127931153574195200,"prefabPathHash":15379405067054348000,"prefabRemotePathHash":16287308438257703000,"quality":4,"sideIconName":"UI_AvatarIcon_Side_MonaCostumeWic","skinId":204101}},"10000042":{"204200":{"animatorConfigPathHash":0,"characterId":10000042,"CJPALFADNOC":0,"controllerPathHash":0,"controllerRemotePathHash":0,"descTextMapHash":1992333442,"EKBEEPPBEPC":false,"frontIconName":"","GJAKFKJMKAD":0,"GMIJGOMCGOC":false,"hide":false,"ILEFLNPBGKA":false,"imageNameHash":0,"indexID":0,"isDefault":true,"itemId":0,"jsonName":"","KGAFLJJDGFI":0,"KJNEBKBDNJI":2426592834,"LJAIFCIPKFL":0,"nameTextMapHash":3714413314,"prefabManekinPathHash":0,"prefabNpcPathHash":0,"prefabPathHash":0,"prefabRemotePathHash":0,"quality":0,"sideIconName":"","skinId":204200},"204201":{"animatorConfigPathHash":0,"characterId":10000042,"CJPALFADNOC":0,"controllerPathHash":0,"controllerRemotePathHash":0,"descTextMapHash":1532026282,"EKBEEPPBEPC":false,"frontIconName":"UI_AvatarIcon_KeqingCostumeFeather","GJAKFKJMKAD":0,"GMIJGOMCGOC":false,"hide":false,"ILEFLNPBGKA":false,"imageNameHash":8264683658462126000,"indexID":1,"isDefault":false,"itemId":340003,"jsonName":"Avatar_Girl_Sword_KeqingCostumeFeather","KGAFLJJDGFI":0,"KJNEBKBDNJI":1642476034,"LJAIFCIPKFL":105176600920367870,"nameTextMapHash":1613857666,"prefabManekinPathHash":11708378725870790000,"prefabNpcPathHash":12660355485795350000,"prefabPathHash":10364379182659254000,"prefabRemotePathHash":6372458023003575000,"quality":4,"sideIconName":"UI_AvatarIcon_Side_KeqingCostumeFeather","skinId":204201}},"10000043":{"204300":{"animatorConfigPathHash":0,"characterId":10000043,"CJPALFADNOC":0,"controllerPathHash":0,"controllerRemotePathHash":0,"descTextMapHash":4118239546,"EKBEEPPBEPC":false,"frontIconName":"","GJAKFKJMKAD":0,"GMIJGOMCGOC":false,"hide":false,"ILEFLNPBGKA":false,"imageNameHash":0,"indexID":0,"isDefault":true,"itemId":0,"jsonName":"","KGAFLJJDGFI":0,"KJNEBKBDNJI":3590281242,"LJAIFCIPKFL":0,"nameTextMapHash":3529210914,"prefabManekinPathHash":0,"prefabNpcPathHash":0,"prefabPathHash":0,"prefabRemotePathHash":0,"quality":0,"sideIconName":"","skinId":204300}},"10000044":{"204400":{"animatorConfigPathHash":0,"characterId":10000044,"CJPALFADNOC":0,"controllerPathHash":0,"controllerRemotePathHash":0,"descTextMapHash":678376738,"EKBEEPPBEPC":false,"frontIconName":"","GJAKFKJMKAD":0,"GMIJGOMCGOC":false,"hide":false,"ILEFLNPBGKA":false,"imageNameHash":0,"indexID":0,"isDefault":true,"itemId":0,"jsonName":"","KGAFLJJDGFI":0,"KJNEBKBDNJI":2783009914,"LJAIFCIPKFL":0,"nameTextMapHash":2768155290,"prefabManekinPathHash":0,"prefabNpcPathHash":0,"prefabPathHash":0,"prefabRemotePathHash":0,"quality":0,"sideIconName":"","skinId":204400}},"10000045":{"204500":{"animatorConfigPathHash":0,"characterId":10000045,"CJPALFADNOC":0,"controllerPathHash":0,"controllerRemotePathHash":0,"descTextMapHash":4067539010,"EKBEEPPBEPC":false,"frontIconName":"","GJAKFKJMKAD":0,"GMIJGOMCGOC":false,"hide":false,"ILEFLNPBGKA":true,"imageNameHash":0,"indexID":0,"isDefault":true,"itemId":0,"jsonName":"","KGAFLJJDGFI":0,"KJNEBKBDNJI":2103282570,"LJAIFCIPKFL":0,"nameTextMapHash":772899890,"prefabManekinPathHash":0,"prefabNpcPathHash":0,"prefabPathHash":0,"prefabRemotePathHash":0,"quality":0,"sideIconName":"","skinId":204500},"204501":{"animatorConfigPathHash":0,"characterId":10000045,"CJPALFADNOC":0,"controllerPathHash":0,"controllerRemotePathHash":0,"descTextMapHash":3143995322,"EKBEEPPBEPC":false,"frontIconName":"UI_AvatarIcon_RosariaCostumeWic","GJAKFKJMKAD":0,"GMIJGOMCGOC":true,"hide":true,"ILEFLNPBGKA":false,"imageNameHash":2832692351080435000,"indexID":1,"isDefault":false,"itemId":340009,"jsonName":"Avatar_Lady_Pole_RosariaCostumeWic","KGAFLJJDGFI":0,"KJNEBKBDNJI":2330378210,"LJAIFCIPKFL":18354298522384930000,"nameTextMapHash":2412226586,"prefabManekinPathHash":12267662344150393000,"prefabNpcPathHash":9648000434294862000,"prefabPathHash":12861565697458264000,"prefabRemotePathHash":10539667758355399000,"quality":4,"sideIconName":"UI_AvatarIcon_Side_RosariaCostumeWic","skinId":204501}},"10000046":{"204600":{"animatorConfigPathHash":0,"characterId":10000046,"CJPALFADNOC":0,"controllerPathHash":0,"controllerRemotePathHash":0,"descTextMapHash":1186495122,"EKBEEPPBEPC":false,"frontIconName":"","GJAKFKJMKAD":0,"GMIJGOMCGOC":false,"hide":false,"ILEFLNPBGKA":false,"imageNameHash":0,"indexID":0,"isDefault":true,"itemId":0,"jsonName":"","KGAFLJJDGFI":0,"KJNEBKBDNJI":2752035018,"LJAIFCIPKFL":0,"nameTextMapHash":626284674,"prefabManekinPathHash":0,"prefabNpcPathHash":0,"prefabPathHash":0,"prefabRemotePathHash":0,"quality":0,"sideIconName":"","skinId":204600},"204601":{"animatorConfigPathHash":16241742938618118000,"characterId":10000046,"CJPALFADNOC":0,"controllerPathHash":1303295852024473300,"controllerRemotePathHash":11006397941994914000,"descTextMapHash":2668601314,"EKBEEPPBEPC":false,"frontIconName":"UI_AvatarIcon_HutaoCostumeWinter","GJAKFKJMKAD":15791559107331684000,"GMIJGOMCGOC":false,"hide":false,"ILEFLNPBGKA":false,"imageNameHash":6092629661285393000,"indexID":1,"isDefault":false,"itemId":340019,"jsonName":"Avatar_Girl_Pole_HutaoCostumeWinter","KGAFLJJDGFI":18383213453749969000,"KJNEBKBDNJI":971070858,"LJAIFCIPKFL":11233137367517288000,"nameTextMapHash":4049779162,"prefabManekinPathHash":15356684152533869000,"prefabNpcPathHash":2559170119330606600,"prefabPathHash":7903959060443312000,"prefabRemotePathHash":9397532461476297000,"quality":4,"sideIconName":"UI_AvatarIcon_Side_HutaoCostumeWinter","skinId":204601}},"10000047":{"204700":{"animatorConfigPathHash":0,"characterId":10000047,"CJPALFADNOC":0,"controllerPathHash":0,"controllerRemotePathHash":0,"descTextMapHash":973274738,"EKBEEPPBEPC":false,"frontIconName":"","GJAKFKJMKAD":0,"GMIJGOMCGOC":false,"hide":false,"ILEFLNPBGKA":false,"imageNameHash":0,"indexID":0,"isDefault":true,"itemId":0,"jsonName":"","KGAFLJJDGFI":0,"KJNEBKBDNJI":2372256282,"LJAIFCIPKFL":0,"nameTextMapHash":3355624658,"prefabManekinPathHash":0,"prefabNpcPathHash":0,"prefabPathHash":0,"prefabRemotePathHash":0,"quality":0,"sideIconName":"","skinId":204700}},"10000048":{"204800":{"animatorConfigPathHash":0,"characterId":10000048,"CJPALFADNOC":0,"controllerPathHash":0,"controllerRemotePathHash":0,"descTextMapHash":3070176786,"EKBEEPPBEPC":false,"frontIconName":"","GJAKFKJMKAD":0,"GMIJGOMCGOC":false,"hide":false,"ILEFLNPBGKA":false,"imageNameHash":0,"indexID":0,"isDefault":true,"itemId":0,"jsonName":"","KGAFLJJDGFI":0,"KJNEBKBDNJI":1088919962,"LJAIFCIPKFL":0,"nameTextMapHash":258962178,"prefabManekinPathHash":0,"prefabNpcPathHash":0,"prefabPathHash":0,"prefabRemotePathHash":0,"quality":0,"sideIconName":"","skinId":204800}},"10000049":{"204900":{"animatorConfigPathHash":0,"characterId":10000049,"CJPALFADNOC":0,"controllerPathHash":0,"controllerRemotePathHash":0,"descTextMapHash":984351202,"EKBEEPPBEPC":false,"frontIconName":"","GJAKFKJMKAD":0,"GMIJGOMCGOC":false,"hide":false,"ILEFLNPBGKA":false,"imageNameHash":0,"indexID":0,"isDefault":true,"itemId":0,"jsonName":"","KGAFLJJDGFI":0,"KJNEBKBDNJI":1202069658,"LJAIFCIPKFL":0,"nameTextMapHash":2353136394,"prefabManekinPathHash":0,"prefabNpcPathHash":0,"prefabPathHash":0,"prefabRemotePathHash":0,"quality":0,"sideIconName":"","skinId":204900}},"10000050":{"205000":{"animatorConfigPathHash":0,"characterId":10000050,"CJPALFADNOC":0,"controllerPathHash":0,"controllerRemotePathHash":0,"descTextMapHash":1458439730,"EKBEEPPBEPC":false,"frontIconName":"","GJAKFKJMKAD":0,"GMIJGOMCGOC":false,"hide":false,"ILEFLNPBGKA":false,"imageNameHash":0,"indexID":0,"isDefault":true,"itemId":0,"jsonName":"","KGAFLJJDGFI":0,"KJNEBKBDNJI":2004612922,"LJAIFCIPKFL":0,"nameTextMapHash":2040879098,"prefabManekinPathHash":0,"prefabNpcPathHash":0,"prefabPathHash":0,"prefabRemotePathHash":0,"quality":0,"sideIconName":"","skinId":205000}},"10000051":{"205100":{"animatorConfigPathHash":0,"characterId":10000051,"CJPALFADNOC":0,"controllerPathHash":0,"controllerRemotePathHash":0,"descTextMapHash":1419139450,"EKBEEPPBEPC":false,"frontIconName":"","GJAKFKJMKAD":0,"GMIJGOMCGOC":false,"hide":false,"ILEFLNPBGKA":false,"imageNameHash":0,"indexID":0,"isDefault":true,"itemId":0,"jsonName":"","KGAFLJJDGFI":0,"KJNEBKBDNJI":2234058146,"LJAIFCIPKFL":0,"nameTextMapHash":301314714,"prefabManekinPathHash":0,"prefabNpcPathHash":0,"prefabPathHash":0,"prefabRemotePathHash":0,"quality":0,"sideIconName":"","skinId":205100}},"10000052":{"205200":{"animatorConfigPathHash":0,"characterId":10000052,"CJPALFADNOC":0,"controllerPathHash":0,"controllerRemotePathHash":0,"descTextMapHash":3412149506,"EKBEEPPBEPC":false,"frontIconName":"","GJAKFKJMKAD":0,"GMIJGOMCGOC":false,"hide":false,"ILEFLNPBGKA":false,"imageNameHash":0,"indexID":0,"isDefault":true,"itemId":0,"jsonName":"","KGAFLJJDGFI":0,"KJNEBKBDNJI":3421653722,"LJAIFCIPKFL":0,"nameTextMapHash":2377779762,"prefabManekinPathHash":0,"prefabNpcPathHash":0,"prefabPathHash":0,"prefabRemotePathHash":0,"quality":0,"sideIconName":"","skinId":205200}},"10000053":{"205300":{"animatorConfigPathHash":0,"characterId":10000053,"CJPALFADNOC":0,"controllerPathHash":0,"controllerRemotePathHash":0,"descTextMapHash":2144597778,"EKBEEPPBEPC":false,"frontIconName":"","GJAKFKJMKAD":0,"GMIJGOMCGOC":false,"hide":false,"ILEFLNPBGKA":false,"imageNameHash":0,"indexID":0,"isDefault":true,"itemId":0,"jsonName":"","KGAFLJJDGFI":0,"KJNEBKBDNJI":279871098,"LJAIFCIPKFL":0,"nameTextMapHash":4048306346,"prefabManekinPathHash":0,"prefabNpcPathHash":0,"prefabPathHash":0,"prefabRemotePathHash":0,"quality":0,"sideIconName":"","skinId":205300}},"10000054":{"205400":{"animatorConfigPathHash":0,"characterId":10000054,"CJPALFADNOC":0,"controllerPathHash":0,"controllerRemotePathHash":0,"descTextMapHash":3173668642,"EKBEEPPBEPC":false,"frontIconName":"","GJAKFKJMKAD":0,"GMIJGOMCGOC":false,"hide":false,"ILEFLNPBGKA":false,"imageNameHash":0,"indexID":0,"isDefault":true,"itemId":0,"jsonName":"","KGAFLJJDGFI":0,"KJNEBKBDNJI":1509139210,"LJAIFCIPKFL":0,"nameTextMapHash":2786415650,"prefabManekinPathHash":0,"prefabNpcPathHash":0,"prefabPathHash":0,"prefabRemotePathHash":0,"quality":0,"sideIconName":"","skinId":205400}},"10000055":{"205500":{"animatorConfigPathHash":0,"characterId":10000055,"CJPALFADNOC":0,"controllerPathHash":0,"controllerRemotePathHash":0,"descTextMapHash":990939858,"EKBEEPPBEPC":false,"frontIconName":"","GJAKFKJMKAD":0,"GMIJGOMCGOC":false,"hide":false,"ILEFLNPBGKA":false,"imageNameHash":0,"indexID":0,"isDefault":true,"itemId":0,"jsonName":"","KGAFLJJDGFI":0,"KJNEBKBDNJI":3579255034,"LJAIFCIPKFL":0,"nameTextMapHash":3561880386,"prefabManekinPathHash":0,"prefabNpcPathHash":0,"prefabPathHash":0,"prefabRemotePathHash":0,"quality":0,"sideIconName":"","skinId":205500}},"10000056":{"205600":{"animatorConfigPathHash":0,"characterId":10000056,"CJPALFADNOC":0,"controllerPathHash":0,"controllerRemotePathHash":0,"descTextMapHash":1024066610,"EKBEEPPBEPC":false,"frontIconName":"","GJAKFKJMKAD":0,"GMIJGOMCGOC":false,"hide":false,"ILEFLNPBGKA":false,"imageNameHash":0,"indexID":0,"isDefault":true,"itemId":0,"jsonName":"","KGAFLJJDGFI":0,"KJNEBKBDNJI":3868839082,"LJAIFCIPKFL":0,"nameTextMapHash":382710810,"prefabManekinPathHash":0,"prefabNpcPathHash":0,"prefabPathHash":0,"prefabRemotePathHash":0,"quality":0,"sideIconName":"","skinId":205600}},"10000057":{"205700":{"animatorConfigPathHash":0,"characterId":10000057,"CJPALFADNOC":0,"controllerPathHash":0,"controllerRemotePathHash":0,"descTextMapHash":4146650074,"EKBEEPPBEPC":false,"frontIconName":"","GJAKFKJMKAD":0,"GMIJGOMCGOC":false,"hide":false,"ILEFLNPBGKA":false,"imageNameHash":0,"indexID":0,"isDefault":true,"itemId":0,"jsonName":"","KGAFLJJDGFI":0,"KJNEBKBDNJI":3068808866,"LJAIFCIPKFL":0,"nameTextMapHash":2006093914,"prefabManekinPathHash":0,"prefabNpcPathHash":0,"prefabPathHash":0,"prefabRemotePathHash":0,"quality":0,"sideIconName":"","skinId":205700}},"10000058":{"205800":{"animatorConfigPathHash":0,"characterId":10000058,"CJPALFADNOC":0,"controllerPathHash":0,"controllerRemotePathHash":0,"descTextMapHash":3314678434,"EKBEEPPBEPC":false,"frontIconName":"","GJAKFKJMKAD":0,"GMIJGOMCGOC":false,"hide":false,"ILEFLNPBGKA":false,"imageNameHash":0,"indexID":0,"isDefault":true,"itemId":0,"jsonName":"","KGAFLJJDGFI":0,"KJNEBKBDNJI":1254276698,"LJAIFCIPKFL":0,"nameTextMapHash":1295363218,"prefabManekinPathHash":0,"prefabNpcPathHash":0,"prefabPathHash":0,"prefabRemotePathHash":0,"quality":0,"sideIconName":"","skinId":205800}},"10000059":{"205900":{"animatorConfigPathHash":0,"characterId":10000059,"CJPALFADNOC":0,"controllerPathHash":0,"controllerRemotePathHash":0,"descTextMapHash":3182680786,"EKBEEPPBEPC":false,"frontIconName":"","GJAKFKJMKAD":0,"GMIJGOMCGOC":false,"hide":false,"ILEFLNPBGKA":false,"imageNameHash":0,"indexID":0,"isDefault":true,"itemId":0,"jsonName":"","KGAFLJJDGFI":0,"KJNEBKBDNJI":2516405474,"LJAIFCIPKFL":0,"nameTextMapHash":4029103562,"prefabManekinPathHash":0,"prefabNpcPathHash":0,"prefabPathHash":0,"prefabRemotePathHash":0,"quality":0,"sideIconName":"","skinId":205900}},"10000060":{"206000":{"animatorConfigPathHash":0,"characterId":10000060,"CJPALFADNOC":0,"controllerPathHash":0,"controllerRemotePathHash":0,"descTextMapHash":3407589218,"EKBEEPPBEPC":false,"frontIconName":"","GJAKFKJMKAD":0,"GMIJGOMCGOC":false,"hide":false,"ILEFLNPBGKA":false,"imageNameHash":0,"indexID":0,"isDefault":true,"itemId":0,"jsonName":"","KGAFLJJDGFI":0,"KJNEBKBDNJI":2519924642,"LJAIFCIPKFL":0,"nameTextMapHash":2196179842,"prefabManekinPathHash":0,"prefabNpcPathHash":0,"prefabPathHash":0,"prefabRemotePathHash":0,"quality":0,"sideIconName":"","skinId":206000},"206001":{"animatorConfigPathHash":1940023158459121400,"characterId":10000060,"CJPALFADNOC":0,"controllerPathHash":13773371909267649000,"controllerRemotePathHash":11933587260048255000,"descTextMapHash":3506712458,"EKBEEPPBEPC":false,"frontIconName":"UI_AvatarIcon_YelanCostumeSummer","GJAKFKJMKAD":3143836570916095500,"GMIJGOMCGOC":false,"hide":false,"ILEFLNPBGKA":false,"imageNameHash":14501103530859905000,"indexID":1,"isDefault":false,"itemId":340021,"jsonName":"Avatar_Lady_Bow_YelanCostumeSummer","KGAFLJJDGFI":8139866523268740000,"KJNEBKBDNJI":1141245562,"LJAIFCIPKFL":67813976286269816,"nameTextMapHash":2911925882,"prefabManekinPathHash":17328048649646598000,"prefabNpcPathHash":16318069742945946000,"prefabPathHash":14169846912324119000,"prefabRemotePathHash":17724820997256727000,"quality":4,"sideIconName":"UI_AvatarIcon_Side_YelanCostumeSummer","skinId":206001}},"10000061":{"206100":{"animatorConfigPathHash":0,"characterId":10000061,"CJPALFADNOC":0,"controllerPathHash":0,"controllerRemotePathHash":0,"descTextMapHash":1963076906,"EKBEEPPBEPC":false,"frontIconName":"","GJAKFKJMKAD":0,"GMIJGOMCGOC":false,"hide":false,"ILEFLNPBGKA":false,"imageNameHash":0,"indexID":0,"isDefault":true,"itemId":0,"jsonName":"","KGAFLJJDGFI":0,"KJNEBKBDNJI":1407703626,"LJAIFCIPKFL":0,"nameTextMapHash":2136989794,"prefabManekinPathHash":0,"prefabNpcPathHash":0,"prefabPathHash":0,"prefabRemotePathHash":0,"quality":0,"sideIconName":"","skinId":206100},"206101":{"animatorConfigPathHash":0,"characterId":10000061,"CJPALFADNOC":0,"controllerPathHash":0,"controllerRemotePathHash":0,"descTextMapHash":3436513386,"EKBEEPPBEPC":false,"frontIconName":"UI_AvatarIcon_MomokaCostumeErrantry","GJAKFKJMKAD":0,"GMIJGOMCGOC":false,"hide":false,"ILEFLNPBGKA":false,"imageNameHash":15052980039107756000,"indexID":1,"isDefault":false,"itemId":340018,"jsonName":"Avatar_Girl_Sword_MomokaCostumeErrantry","KGAFLJJDGFI":0,"KJNEBKBDNJI":1972191770,"LJAIFCIPKFL":16205836061132214000,"nameTextMapHash":443620306,"prefabManekinPathHash":4036157729036988400,"prefabNpcPathHash":825434180871539000,"prefabPathHash":16777255381001413000,"prefabRemotePathHash":16431064003003773000,"quality":4,"sideIconName":"UI_AvatarIcon_Side_MomokaCostumeErrantry","skinId":206101}},"10000062":{"206200":{"animatorConfigPathHash":0,"characterId":10000062,"CJPALFADNOC":0,"controllerPathHash":0,"controllerRemotePathHash":0,"descTextMapHash":271842858,"EKBEEPPBEPC":false,"frontIconName":"","GJAKFKJMKAD":0,"GMIJGOMCGOC":false,"hide":false,"ILEFLNPBGKA":false,"imageNameHash":0,"indexID":0,"isDefault":true,"itemId":0,"jsonName":"","KGAFLJJDGFI":0,"KJNEBKBDNJI":1770671378,"LJAIFCIPKFL":0,"nameTextMapHash":3429415730,"prefabManekinPathHash":0,"prefabNpcPathHash":0,"prefabPathHash":0,"prefabRemotePathHash":0,"quality":0,"sideIconName":"","skinId":206200}},"10000063":{"206300":{"animatorConfigPathHash":0,"characterId":10000063,"CJPALFADNOC":0,"controllerPathHash":0,"controllerRemotePathHash":0,"descTextMapHash":3625334322,"EKBEEPPBEPC":false,"frontIconName":"","GJAKFKJMKAD":0,"GMIJGOMCGOC":false,"hide":false,"ILEFLNPBGKA":false,"imageNameHash":0,"indexID":0,"isDefault":true,"itemId":0,"jsonName":"","KGAFLJJDGFI":0,"KJNEBKBDNJI":3935046466,"LJAIFCIPKFL":0,"nameTextMapHash":3671207274,"prefabManekinPathHash":0,"prefabNpcPathHash":0,"prefabPathHash":0,"prefabRemotePathHash":0,"quality":0,"sideIconName":"","skinId":206300},"206301":{"animatorConfigPathHash":8439775389633858000,"characterId":10000063,"CJPALFADNOC":0,"controllerPathHash":3927025238145279000,"controllerRemotePathHash":2079033779677266400,"descTextMapHash":4226591458,"EKBEEPPBEPC":false,"frontIconName":"UI_AvatarIcon_ShenheCostumeDai","GJAKFKJMKAD":10267055638635928000,"GMIJGOMCGOC":false,"hide":false,"ILEFLNPBGKA":false,"imageNameHash":13551163907161750000,"indexID":1,"isDefault":false,"itemId":340014,"jsonName":"Avatar_Lady_Pole_ShenheCostumeDai","KGAFLJJDGFI":1016401806529336300,"KJNEBKBDNJI":1171360658,"LJAIFCIPKFL":17372441489796878000,"nameTextMapHash":945735386,"prefabManekinPathHash":15748877212258277000,"prefabNpcPathHash":1019362221600152300,"prefabPathHash":6614232366381787000,"prefabRemotePathHash":12983630808894763000,"quality":4,"sideIconName":"UI_AvatarIcon_Side_ShenheCostumeDai","skinId":206301}},"10000064":{"206400":{"animatorConfigPathHash":0,"characterId":10000064,"CJPALFADNOC":0,"controllerPathHash":0,"controllerRemotePathHash":0,"descTextMapHash":1261799770,"EKBEEPPBEPC":false,"frontIconName":"","GJAKFKJMKAD":0,"GMIJGOMCGOC":false,"hide":false,"ILEFLNPBGKA":false,"imageNameHash":0,"indexID":0,"isDefault":true,"itemId":0,"jsonName":"","KGAFLJJDGFI":0,"KJNEBKBDNJI":412494730,"LJAIFCIPKFL":0,"nameTextMapHash":2433262890,"prefabManekinPathHash":0,"prefabNpcPathHash":0,"prefabPathHash":0,"prefabRemotePathHash":0,"quality":0,"sideIconName":"","skinId":206400}},"10000065":{"206500":{"animatorConfigPathHash":0,"characterId":10000065,"CJPALFADNOC":0,"controllerPathHash":0,"controllerRemotePathHash":0,"descTextMapHash":3036913898,"EKBEEPPBEPC":false,"frontIconName":"","GJAKFKJMKAD":0,"GMIJGOMCGOC":false,"hide":false,"ILEFLNPBGKA":false,"imageNameHash":0,"indexID":0,"isDefault":true,"itemId":0,"jsonName":"","KGAFLJJDGFI":0,"KJNEBKBDNJI":497314442,"LJAIFCIPKFL":0,"nameTextMapHash":3245276834,"prefabManekinPathHash":0,"prefabNpcPathHash":0,"prefabPathHash":0,"prefabRemotePathHash":0,"quality":0,"sideIconName":"","skinId":206500}},"10000066":{"206600":{"animatorConfigPathHash":0,"characterId":10000066,"CJPALFADNOC":0,"controllerPathHash":0,"controllerRemotePathHash":0,"descTextMapHash":3093997674,"EKBEEPPBEPC":false,"frontIconName":"","GJAKFKJMKAD":0,"GMIJGOMCGOC":false,"hide":false,"ILEFLNPBGKA":false,"imageNameHash":0,"indexID":0,"isDefault":true,"itemId":0,"jsonName":"","KGAFLJJDGFI":0,"KJNEBKBDNJI":3402885562,"LJAIFCIPKFL":0,"nameTextMapHash":3109032026,"prefabManekinPathHash":0,"prefabNpcPathHash":0,"prefabPathHash":0,"prefabRemotePathHash":0,"quality":0,"sideIconName":"","skinId":206600}},"10000067":{"206700":{"animatorConfigPathHash":0,"characterId":10000067,"CJPALFADNOC":0,"controllerPathHash":0,"controllerRemotePathHash":0,"descTextMapHash":2308150714,"EKBEEPPBEPC":false,"frontIconName":"","GJAKFKJMKAD":0,"GMIJGOMCGOC":false,"hide":false,"ILEFLNPBGKA":false,"imageNameHash":0,"indexID":0,"isDefault":true,"itemId":0,"jsonName":"","KGAFLJJDGFI":0,"KJNEBKBDNJI":4109600882,"LJAIFCIPKFL":0,"nameTextMapHash":3135223450,"prefabManekinPathHash":0,"prefabNpcPathHash":0,"prefabPathHash":0,"prefabRemotePathHash":0,"quality":0,"sideIconName":"","skinId":206700}},"10000068":{"206800":{"animatorConfigPathHash":0,"characterId":10000068,"CJPALFADNOC":0,"controllerPathHash":0,"controllerRemotePathHash":0,"descTextMapHash":1616648506,"EKBEEPPBEPC":false,"frontIconName":"","GJAKFKJMKAD":0,"GMIJGOMCGOC":false,"hide":false,"ILEFLNPBGKA":false,"imageNameHash":0,"indexID":0,"isDefault":true,"itemId":0,"jsonName":"","KGAFLJJDGFI":0,"KJNEBKBDNJI":365363450,"LJAIFCIPKFL":0,"nameTextMapHash":3617396594,"prefabManekinPathHash":0,"prefabNpcPathHash":0,"prefabPathHash":0,"prefabRemotePathHash":0,"quality":0,"sideIconName":"","skinId":206800}},"10000069":{"206900":{"animatorConfigPathHash":0,"characterId":10000069,"CJPALFADNOC":0,"controllerPathHash":0,"controllerRemotePathHash":0,"descTextMapHash":510932922,"EKBEEPPBEPC":false,"frontIconName":"","GJAKFKJMKAD":0,"GMIJGOMCGOC":false,"hide":false,"ILEFLNPBGKA":false,"imageNameHash":0,"indexID":0,"isDefault":true,"itemId":0,"jsonName":"","KGAFLJJDGFI":0,"KJNEBKBDNJI":3670907298,"LJAIFCIPKFL":0,"nameTextMapHash":1106979266,"prefabManekinPathHash":0,"prefabNpcPathHash":0,"prefabPathHash":0,"prefabRemotePathHash":0,"quality":0,"sideIconName":"","skinId":206900}},"10000070":{"207000":{"animatorConfigPathHash":0,"characterId":10000070,"CJPALFADNOC":0,"controllerPathHash":0,"controllerRemotePathHash":0,"descTextMapHash":1078022994,"EKBEEPPBEPC":false,"frontIconName":"","GJAKFKJMKAD":0,"GMIJGOMCGOC":false,"hide":false,"ILEFLNPBGKA":false,"imageNameHash":0,"indexID":0,"isDefault":true,"itemId":0,"jsonName":"","KGAFLJJDGFI":0,"KJNEBKBDNJI":2820144850,"LJAIFCIPKFL":0,"nameTextMapHash":3647756106,"prefabManekinPathHash":0,"prefabNpcPathHash":0,"prefabPathHash":0,"prefabRemotePathHash":0,"quality":0,"sideIconName":"","skinId":207000},"207001":{"animatorConfigPathHash":8251373390362341000,"characterId":10000070,"CJPALFADNOC":0,"controllerPathHash":400676577291690500,"controllerRemotePathHash":3511864109650284000,"descTextMapHash":491944378,"EKBEEPPBEPC":false,"frontIconName":"UI_AvatarIcon_NilouCostumeFairy","GJAKFKJMKAD":12700779893789411000,"GMIJGOMCGOC":false,"hide":false,"ILEFLNPBGKA":false,"imageNameHash":13150361144103344000,"indexID":1,"isDefault":false,"itemId":340017,"jsonName":"Avatar_Girl_Sword_NilouCostumeFairy","KGAFLJJDGFI":13683135713588406000,"KJNEBKBDNJI":21686922,"LJAIFCIPKFL":17779287142478619000,"nameTextMapHash":1436816482,"prefabManekinPathHash":11915563518559973000,"prefabNpcPathHash":3309731754659582000,"prefabPathHash":1722505538378271500,"prefabRemotePathHash":97694131069548980,"quality":4,"sideIconName":"UI_AvatarIcon_Side_NilouCostumeFairy","skinId":207001}},"10000071":{"207100":{"animatorConfigPathHash":0,"characterId":10000071,"CJPALFADNOC":0,"controllerPathHash":0,"controllerRemotePathHash":0,"descTextMapHash":1864424082,"EKBEEPPBEPC":false,"frontIconName":"","GJAKFKJMKAD":0,"GMIJGOMCGOC":false,"hide":false,"ILEFLNPBGKA":false,"imageNameHash":0,"indexID":0,"isDefault":true,"itemId":0,"jsonName":"","KGAFLJJDGFI":0,"KJNEBKBDNJI":1998323538,"LJAIFCIPKFL":0,"nameTextMapHash":3913661394,"prefabManekinPathHash":0,"prefabNpcPathHash":0,"prefabPathHash":0,"prefabRemotePathHash":0,"quality":0,"sideIconName":"","skinId":207100}},"10000072":{"207200":{"animatorConfigPathHash":0,"characterId":10000072,"CJPALFADNOC":0,"controllerPathHash":0,"controllerRemotePathHash":0,"descTextMapHash":2067286834,"EKBEEPPBEPC":false,"frontIconName":"","GJAKFKJMKAD":0,"GMIJGOMCGOC":false,"hide":false,"ILEFLNPBGKA":false,"imageNameHash":0,"indexID":0,"isDefault":true,"itemId":0,"jsonName":"","KGAFLJJDGFI":0,"KJNEBKBDNJI":3722496618,"LJAIFCIPKFL":0,"nameTextMapHash":2665843154,"prefabManekinPathHash":0,"prefabNpcPathHash":0,"prefabPathHash":0,"prefabRemotePathHash":0,"quality":0,"sideIconName":"","skinId":207200}},"10000073":{"207300":{"animatorConfigPathHash":0,"characterId":10000073,"CJPALFADNOC":0,"controllerPathHash":0,"controllerRemotePathHash":0,"descTextMapHash":2151511386,"EKBEEPPBEPC":false,"frontIconName":"","GJAKFKJMKAD":0,"GMIJGOMCGOC":false,"hide":false,"ILEFLNPBGKA":false,"imageNameHash":0,"indexID":0,"isDefault":true,"itemId":0,"jsonName":"","KGAFLJJDGFI":0,"KJNEBKBDNJI":2517666218,"LJAIFCIPKFL":0,"nameTextMapHash":2005565242,"prefabManekinPathHash":0,"prefabNpcPathHash":0,"prefabPathHash":0,"prefabRemotePathHash":0,"quality":0,"sideIconName":"","skinId":207300}},"10000074":{"207400":{"animatorConfigPathHash":0,"characterId":10000074,"CJPALFADNOC":0,"controllerPathHash":0,"controllerRemotePathHash":0,"descTextMapHash":3853124810,"EKBEEPPBEPC":false,"frontIconName":"","GJAKFKJMKAD":0,"GMIJGOMCGOC":false,"hide":false,"ILEFLNPBGKA":false,"imageNameHash":0,"indexID":0,"isDefault":true,"itemId":0,"jsonName":"","KGAFLJJDGFI":0,"KJNEBKBDNJI":634374570,"LJAIFCIPKFL":0,"nameTextMapHash":1128331378,"prefabManekinPathHash":0,"prefabNpcPathHash":0,"prefabPathHash":0,"prefabRemotePathHash":0,"quality":0,"sideIconName":"","skinId":207400}},"10000075":{"207500":{"animatorConfigPathHash":0,"characterId":10000075,"CJPALFADNOC":0,"controllerPathHash":0,"controllerRemotePathHash":0,"descTextMapHash":3246746458,"EKBEEPPBEPC":false,"frontIconName":"","GJAKFKJMKAD":0,"GMIJGOMCGOC":false,"hide":false,"ILEFLNPBGKA":false,"imageNameHash":0,"indexID":0,"isDefault":true,"itemId":0,"jsonName":"","KGAFLJJDGFI":0,"KJNEBKBDNJI":3531352130,"LJAIFCIPKFL":0,"nameTextMapHash":4005813530,"prefabManekinPathHash":0,"prefabNpcPathHash":0,"prefabPathHash":0,"prefabRemotePathHash":0,"quality":0,"sideIconName":"","skinId":207500}},"10000076":{"207600":{"animatorConfigPathHash":0,"characterId":10000076,"CJPALFADNOC":0,"controllerPathHash":0,"controllerRemotePathHash":0,"descTextMapHash":3487496106,"EKBEEPPBEPC":false,"frontIconName":"","GJAKFKJMKAD":0,"GMIJGOMCGOC":false,"hide":false,"ILEFLNPBGKA":false,"imageNameHash":0,"indexID":0,"isDefault":true,"itemId":0,"jsonName":"","KGAFLJJDGFI":0,"KJNEBKBDNJI":548928290,"LJAIFCIPKFL":0,"nameTextMapHash":1487058818,"prefabManekinPathHash":0,"prefabNpcPathHash":0,"prefabPathHash":0,"prefabRemotePathHash":0,"quality":0,"sideIconName":"","skinId":207600}},"10000077":{"207700":{"animatorConfigPathHash":0,"characterId":10000077,"CJPALFADNOC":0,"controllerPathHash":0,"controllerRemotePathHash":0,"descTextMapHash":3911845442,"EKBEEPPBEPC":false,"frontIconName":"","GJAKFKJMKAD":0,"GMIJGOMCGOC":false,"hide":false,"ILEFLNPBGKA":false,"imageNameHash":0,"indexID":0,"isDefault":true,"itemId":0,"jsonName":"","KGAFLJJDGFI":0,"KJNEBKBDNJI":3620510322,"LJAIFCIPKFL":0,"nameTextMapHash":1664916426,"prefabManekinPathHash":0,"prefabNpcPathHash":0,"prefabPathHash":0,"prefabRemotePathHash":0,"quality":0,"sideIconName":"","skinId":207700}},"10000078":{"207800":{"animatorConfigPathHash":0,"characterId":10000078,"CJPALFADNOC":0,"controllerPathHash":0,"controllerRemotePathHash":0,"descTextMapHash":39198106,"EKBEEPPBEPC":false,"frontIconName":"","GJAKFKJMKAD":0,"GMIJGOMCGOC":false,"hide":false,"ILEFLNPBGKA":false,"imageNameHash":0,"indexID":0,"isDefault":true,"itemId":0,"jsonName":"","KGAFLJJDGFI":0,"KJNEBKBDNJI":2309628450,"LJAIFCIPKFL":0,"nameTextMapHash":3349227426,"prefabManekinPathHash":0,"prefabNpcPathHash":0,"prefabPathHash":0,"prefabRemotePathHash":0,"quality":0,"sideIconName":"","skinId":207800}},"10000079":{"207900":{"animatorConfigPathHash":0,"characterId":10000079,"CJPALFADNOC":0,"controllerPathHash":0,"controllerRemotePathHash":0,"descTextMapHash":140684002,"EKBEEPPBEPC":false,"frontIconName":"","GJAKFKJMKAD":0,"GMIJGOMCGOC":false,"hide":false,"ILEFLNPBGKA":false,"imageNameHash":0,"indexID":0,"isDefault":true,"itemId":0,"jsonName":"","KGAFLJJDGFI":0,"KJNEBKBDNJI":148128122,"LJAIFCIPKFL":0,"nameTextMapHash":4041199642,"prefabManekinPathHash":0,"prefabNpcPathHash":0,"prefabPathHash":0,"prefabRemotePathHash":0,"quality":0,"sideIconName":"","skinId":207900}},"10000080":{"208000":{"animatorConfigPathHash":0,"characterId":10000080,"CJPALFADNOC":0,"controllerPathHash":0,"controllerRemotePathHash":0,"descTextMapHash":3777257866,"EKBEEPPBEPC":false,"frontIconName":"","GJAKFKJMKAD":0,"GMIJGOMCGOC":false,"hide":false,"ILEFLNPBGKA":false,"imageNameHash":0,"indexID":0,"isDefault":true,"itemId":0,"jsonName":"","KGAFLJJDGFI":0,"KJNEBKBDNJI":4270282042,"LJAIFCIPKFL":0,"nameTextMapHash":423812362,"prefabManekinPathHash":0,"prefabNpcPathHash":0,"prefabPathHash":0,"prefabRemotePathHash":0,"quality":0,"sideIconName":"","skinId":208000}},"10000081":{"208100":{"animatorConfigPathHash":0,"characterId":10000081,"CJPALFADNOC":0,"controllerPathHash":0,"controllerRemotePathHash":0,"descTextMapHash":3875251706,"EKBEEPPBEPC":false,"frontIconName":"","GJAKFKJMKAD":0,"GMIJGOMCGOC":false,"hide":false,"ILEFLNPBGKA":false,"imageNameHash":0,"indexID":0,"isDefault":true,"itemId":0,"jsonName":"","KGAFLJJDGFI":0,"KJNEBKBDNJI":2656432986,"LJAIFCIPKFL":0,"nameTextMapHash":2460471634,"prefabManekinPathHash":0,"prefabNpcPathHash":0,"prefabPathHash":0,"prefabRemotePathHash":0,"quality":0,"sideIconName":"","skinId":208100}},"10000082":{"208200":{"animatorConfigPathHash":0,"characterId":10000082,"CJPALFADNOC":0,"controllerPathHash":0,"controllerRemotePathHash":0,"descTextMapHash":260008858,"EKBEEPPBEPC":false,"frontIconName":"","GJAKFKJMKAD":0,"GMIJGOMCGOC":false,"hide":false,"ILEFLNPBGKA":false,"imageNameHash":0,"indexID":0,"isDefault":true,"itemId":0,"jsonName":"","KGAFLJJDGFI":0,"KJNEBKBDNJI":3180890994,"LJAIFCIPKFL":0,"nameTextMapHash":3539582602,"prefabManekinPathHash":0,"prefabNpcPathHash":0,"prefabPathHash":0,"prefabRemotePathHash":0,"quality":0,"sideIconName":"","skinId":208200}},"10000083":{"208300":{"animatorConfigPathHash":0,"characterId":10000083,"CJPALFADNOC":0,"controllerPathHash":0,"controllerRemotePathHash":0,"descTextMapHash":3142534786,"EKBEEPPBEPC":false,"frontIconName":"","GJAKFKJMKAD":0,"GMIJGOMCGOC":false,"hide":false,"ILEFLNPBGKA":false,"imageNameHash":0,"indexID":0,"isDefault":true,"itemId":0,"jsonName":"","KGAFLJJDGFI":0,"KJNEBKBDNJI":845066826,"LJAIFCIPKFL":0,"nameTextMapHash":1358526194,"prefabManekinPathHash":0,"prefabNpcPathHash":0,"prefabPathHash":0,"prefabRemotePathHash":0,"quality":0,"sideIconName":"","skinId":208300}},"10000084":{"208400":{"animatorConfigPathHash":0,"characterId":10000084,"CJPALFADNOC":0,"controllerPathHash":0,"controllerRemotePathHash":0,"descTextMapHash":2711601770,"EKBEEPPBEPC":false,"frontIconName":"","GJAKFKJMKAD":0,"GMIJGOMCGOC":false,"hide":false,"ILEFLNPBGKA":false,"imageNameHash":0,"indexID":0,"isDefault":true,"itemId":0,"jsonName":"","KGAFLJJDGFI":0,"KJNEBKBDNJI":1508766082,"LJAIFCIPKFL":0,"nameTextMapHash":2247421522,"prefabManekinPathHash":0,"prefabNpcPathHash":0,"prefabPathHash":0,"prefabRemotePathHash":0,"quality":0,"sideIconName":"","skinId":208400}},"10000085":{"208500":{"animatorConfigPathHash":0,"characterId":10000085,"CJPALFADNOC":0,"controllerPathHash":0,"controllerRemotePathHash":0,"descTextMapHash":172373146,"EKBEEPPBEPC":false,"frontIconName":"","GJAKFKJMKAD":0,"GMIJGOMCGOC":false,"hide":false,"ILEFLNPBGKA":false,"imageNameHash":0,"indexID":0,"isDefault":true,"itemId":0,"jsonName":"","KGAFLJJDGFI":0,"KJNEBKBDNJI":3538427546,"LJAIFCIPKFL":0,"nameTextMapHash":3741795914,"prefabManekinPathHash":0,"prefabNpcPathHash":0,"prefabPathHash":0,"prefabRemotePathHash":0,"quality":0,"sideIconName":"","skinId":208500}},"10000086":{"208600":{"animatorConfigPathHash":0,"characterId":10000086,"CJPALFADNOC":0,"controllerPathHash":0,"controllerRemotePathHash":0,"descTextMapHash":2942361602,"EKBEEPPBEPC":false,"frontIconName":"","GJAKFKJMKAD":0,"GMIJGOMCGOC":false,"hide":false,"ILEFLNPBGKA":false,"imageNameHash":0,"indexID":0,"isDefault":true,"itemId":0,"jsonName":"","KGAFLJJDGFI":0,"KJNEBKBDNJI":216073066,"LJAIFCIPKFL":0,"nameTextMapHash":3467014274,"prefabManekinPathHash":0,"prefabNpcPathHash":0,"prefabPathHash":0,"prefabRemotePathHash":0,"quality":0,"sideIconName":"","skinId":208600}},"10000087":{"208700":{"animatorConfigPathHash":0,"characterId":10000087,"CJPALFADNOC":0,"controllerPathHash":0,"controllerRemotePathHash":0,"descTextMapHash":3026362642,"EKBEEPPBEPC":false,"frontIconName":"","GJAKFKJMKAD":0,"GMIJGOMCGOC":false,"hide":false,"ILEFLNPBGKA":false,"imageNameHash":0,"indexID":0,"isDefault":true,"itemId":0,"jsonName":"","KGAFLJJDGFI":0,"KJNEBKBDNJI":1108434226,"LJAIFCIPKFL":0,"nameTextMapHash":2356957482,"prefabManekinPathHash":0,"prefabNpcPathHash":0,"prefabPathHash":0,"prefabRemotePathHash":0,"quality":0,"sideIconName":"","skinId":208700}},"10000088":{"208800":{"animatorConfigPathHash":0,"characterId":10000088,"CJPALFADNOC":0,"controllerPathHash":0,"controllerRemotePathHash":0,"descTextMapHash":1262815914,"EKBEEPPBEPC":false,"frontIconName":"","GJAKFKJMKAD":0,"GMIJGOMCGOC":false,"hide":false,"ILEFLNPBGKA":false,"imageNameHash":0,"indexID":0,"isDefault":true,"itemId":0,"jsonName":"","KGAFLJJDGFI":0,"KJNEBKBDNJI":127314514,"LJAIFCIPKFL":0,"nameTextMapHash":626453522,"prefabManekinPathHash":0,"prefabNpcPathHash":0,"prefabPathHash":0,"prefabRemotePathHash":0,"quality":0,"sideIconName":"","skinId":208800}},"10000089":{"208900":{"animatorConfigPathHash":0,"characterId":10000089,"CJPALFADNOC":0,"controllerPathHash":0,"controllerRemotePathHash":0,"descTextMapHash":3717819226,"EKBEEPPBEPC":false,"frontIconName":"","GJAKFKJMKAD":0,"GMIJGOMCGOC":false,"hide":false,"ILEFLNPBGKA":false,"imageNameHash":0,"indexID":0,"isDefault":true,"itemId":0,"jsonName":"","KGAFLJJDGFI":0,"KJNEBKBDNJI":2126851170,"LJAIFCIPKFL":0,"nameTextMapHash":1569690906,"prefabManekinPathHash":0,"prefabNpcPathHash":0,"prefabPathHash":0,"prefabRemotePathHash":0,"quality":0,"sideIconName":"","skinId":208900}},"10000090":{"209000":{"animatorConfigPathHash":0,"characterId":10000090,"CJPALFADNOC":0,"controllerPathHash":0,"controllerRemotePathHash":0,"descTextMapHash":2017338442,"EKBEEPPBEPC":false,"frontIconName":"","GJAKFKJMKAD":0,"GMIJGOMCGOC":false,"hide":false,"ILEFLNPBGKA":false,"imageNameHash":0,"indexID":0,"isDefault":true,"itemId":0,"jsonName":"","KGAFLJJDGFI":0,"KJNEBKBDNJI":3264589626,"LJAIFCIPKFL":0,"nameTextMapHash":1001156090,"prefabManekinPathHash":0,"prefabNpcPathHash":0,"prefabPathHash":0,"prefabRemotePathHash":0,"quality":0,"sideIconName":"","skinId":209000}},"10000091":{"209100":{"animatorConfigPathHash":0,"characterId":10000091,"CJPALFADNOC":0,"controllerPathHash":0,"controllerRemotePathHash":0,"descTextMapHash":1185194346,"EKBEEPPBEPC":false,"frontIconName":"","GJAKFKJMKAD":0,"GMIJGOMCGOC":false,"hide":false,"ILEFLNPBGKA":false,"imageNameHash":0,"indexID":0,"isDefault":true,"itemId":0,"jsonName":"","KGAFLJJDGFI":0,"KJNEBKBDNJI":2472517626,"LJAIFCIPKFL":0,"nameTextMapHash":3039352282,"prefabManekinPathHash":0,"prefabNpcPathHash":0,"prefabPathHash":0,"prefabRemotePathHash":0,"quality":0,"sideIconName":"","skinId":209100}},"10000092":{"209200":{"animatorConfigPathHash":0,"characterId":10000092,"CJPALFADNOC":0,"controllerPathHash":0,"controllerRemotePathHash":0,"descTextMapHash":3180242922,"EKBEEPPBEPC":false,"frontIconName":"","GJAKFKJMKAD":0,"GMIJGOMCGOC":false,"hide":false,"ILEFLNPBGKA":false,"imageNameHash":0,"indexID":0,"isDefault":true,"itemId":0,"jsonName":"","KGAFLJJDGFI":0,"KJNEBKBDNJI":538143186,"LJAIFCIPKFL":0,"nameTextMapHash":2007918858,"prefabManekinPathHash":0,"prefabNpcPathHash":0,"prefabPathHash":0,"prefabRemotePathHash":0,"quality":0,"sideIconName":"","skinId":209200}},"10000093":{"209300":{"animatorConfigPathHash":0,"characterId":10000093,"CJPALFADNOC":0,"controllerPathHash":0,"controllerRemotePathHash":0,"descTextMapHash":2353796746,"EKBEEPPBEPC":false,"frontIconName":"","GJAKFKJMKAD":0,"GMIJGOMCGOC":false,"hide":false,"ILEFLNPBGKA":false,"imageNameHash":0,"indexID":0,"isDefault":true,"itemId":0,"jsonName":"","KGAFLJJDGFI":0,"KJNEBKBDNJI":1977157434,"LJAIFCIPKFL":0,"nameTextMapHash":2283589170,"prefabManekinPathHash":0,"prefabNpcPathHash":0,"prefabPathHash":0,"prefabRemotePathHash":0,"quality":0,"sideIconName":"","skinId":209300}},"10000094":{"209400":{"animatorConfigPathHash":0,"characterId":10000094,"CJPALFADNOC":0,"controllerPathHash":0,"controllerRemotePathHash":0,"descTextMapHash":1469088850,"EKBEEPPBEPC":false,"frontIconName":"","GJAKFKJMKAD":0,"GMIJGOMCGOC":false,"hide":false,"ILEFLNPBGKA":false,"imageNameHash":0,"indexID":0,"isDefault":true,"itemId":0,"jsonName":"","KGAFLJJDGFI":0,"KJNEBKBDNJI":3876121746,"LJAIFCIPKFL":0,"nameTextMapHash":4268512138,"prefabManekinPathHash":0,"prefabNpcPathHash":0,"prefabPathHash":0,"prefabRemotePathHash":0,"quality":0,"sideIconName":"","skinId":209400}},"10000095":{"209500":{"animatorConfigPathHash":0,"characterId":10000095,"CJPALFADNOC":0,"controllerPathHash":0,"controllerRemotePathHash":0,"descTextMapHash":592486874,"EKBEEPPBEPC":false,"frontIconName":"","GJAKFKJMKAD":0,"GMIJGOMCGOC":false,"hide":false,"ILEFLNPBGKA":false,"imageNameHash":0,"indexID":0,"isDefault":true,"itemId":0,"jsonName":"","KGAFLJJDGFI":0,"KJNEBKBDNJI":2527479378,"LJAIFCIPKFL":0,"nameTextMapHash":3959800498,"prefabManekinPathHash":0,"prefabNpcPathHash":0,"prefabPathHash":0,"prefabRemotePathHash":0,"quality":0,"sideIconName":"","skinId":209500}},"10000096":{"209600":{"animatorConfigPathHash":0,"characterId":10000096,"CJPALFADNOC":0,"controllerPathHash":0,"controllerRemotePathHash":0,"descTextMapHash":277557898,"EKBEEPPBEPC":false,"frontIconName":"","GJAKFKJMKAD":0,"GMIJGOMCGOC":false,"hide":false,"ILEFLNPBGKA":false,"imageNameHash":0,"indexID":0,"isDefault":true,"itemId":0,"jsonName":"","KGAFLJJDGFI":0,"KJNEBKBDNJI":3363478418,"LJAIFCIPKFL":0,"nameTextMapHash":2341898930,"prefabManekinPathHash":0,"prefabNpcPathHash":0,"prefabPathHash":0,"prefabRemotePathHash":0,"quality":0,"sideIconName":"","skinId":209600}},"10000097":{"209700":{"animatorConfigPathHash":0,"characterId":10000097,"CJPALFADNOC":0,"controllerPathHash":0,"controllerRemotePathHash":0,"descTextMapHash":3716862146,"EKBEEPPBEPC":false,"frontIconName":"","GJAKFKJMKAD":0,"GMIJGOMCGOC":false,"hide":false,"ILEFLNPBGKA":false,"imageNameHash":0,"indexID":0,"isDefault":true,"itemId":0,"jsonName":"","KGAFLJJDGFI":0,"KJNEBKBDNJI":3358528746,"LJAIFCIPKFL":0,"nameTextMapHash":1530706906,"prefabManekinPathHash":0,"prefabNpcPathHash":0,"prefabPathHash":0,"prefabRemotePathHash":0,"quality":0,"sideIconName":"","skinId":209700}},"10000098":{"209800":{"animatorConfigPathHash":0,"characterId":10000098,"CJPALFADNOC":0,"controllerPathHash":0,"controllerRemotePathHash":0,"descTextMapHash":2716291818,"EKBEEPPBEPC":false,"frontIconName":"","GJAKFKJMKAD":0,"GMIJGOMCGOC":false,"hide":false,"ILEFLNPBGKA":false,"imageNameHash":0,"indexID":0,"isDefault":true,"itemId":0,"jsonName":"","KGAFLJJDGFI":0,"KJNEBKBDNJI":584408002,"LJAIFCIPKFL":0,"nameTextMapHash":853988202,"prefabManekinPathHash":0,"prefabNpcPathHash":0,"prefabPathHash":0,"prefabRemotePathHash":0,"quality":0,"sideIconName":"","skinId":209800}},"10000099":{"209900":{"animatorConfigPathHash":0,"characterId":10000099,"CJPALFADNOC":0,"controllerPathHash":0,"controllerRemotePathHash":0,"descTextMapHash":1466883298,"EKBEEPPBEPC":false,"frontIconName":"","GJAKFKJMKAD":0,"GMIJGOMCGOC":false,"hide":false,"ILEFLNPBGKA":false,"imageNameHash":0,"indexID":0,"isDefault":true,"itemId":0,"jsonName":"","KGAFLJJDGFI":0,"KJNEBKBDNJI":3467744986,"LJAIFCIPKFL":0,"nameTextMapHash":1187395194,"prefabManekinPathHash":0,"prefabNpcPathHash":0,"prefabPathHash":0,"prefabRemotePathHash":0,"quality":0,"sideIconName":"","skinId":209900}},"10000100":{"210000":{"animatorConfigPathHash":0,"characterId":10000100,"CJPALFADNOC":0,"controllerPathHash":0,"controllerRemotePathHash":0,"descTextMapHash":3592221418,"EKBEEPPBEPC":false,"frontIconName":"","GJAKFKJMKAD":0,"GMIJGOMCGOC":false,"hide":false,"ILEFLNPBGKA":false,"imageNameHash":0,"indexID":0,"isDefault":true,"itemId":0,"jsonName":"","KGAFLJJDGFI":0,"KJNEBKBDNJI":3707842874,"LJAIFCIPKFL":0,"nameTextMapHash":2637368282,"prefabManekinPathHash":0,"prefabNpcPathHash":0,"prefabPathHash":0,"prefabRemotePathHash":0,"quality":0,"sideIconName":"","skinId":210000}},"10000101":{"210100":{"animatorConfigPathHash":0,"characterId":10000101,"CJPALFADNOC":0,"controllerPathHash":0,"controllerRemotePathHash":0,"descTextMapHash":836391874,"EKBEEPPBEPC":false,"frontIconName":"","GJAKFKJMKAD":0,"GMIJGOMCGOC":false,"hide":false,"ILEFLNPBGKA":false,"imageNameHash":0,"indexID":0,"isDefault":true,"itemId":0,"jsonName":"","KGAFLJJDGFI":0,"KJNEBKBDNJI":2502663586,"LJAIFCIPKFL":0,"nameTextMapHash":3147713386,"prefabManekinPathHash":0,"prefabNpcPathHash":0,"prefabPathHash":0,"prefabRemotePathHash":0,"quality":0,"sideIconName":"","skinId":210100}},"10000102":{"210200":{"animatorConfigPathHash":0,"characterId":10000102,"CJPALFADNOC":0,"controllerPathHash":0,"controllerRemotePathHash":0,"descTextMapHash":2933314762,"EKBEEPPBEPC":false,"frontIconName":"","GJAKFKJMKAD":0,"GMIJGOMCGOC":false,"hide":false,"ILEFLNPBGKA":false,"imageNameHash":0,"indexID":0,"isDefault":true,"itemId":0,"jsonName":"","KGAFLJJDGFI":0,"KJNEBKBDNJI":1001358746,"LJAIFCIPKFL":0,"nameTextMapHash":365492826,"prefabManekinPathHash":0,"prefabNpcPathHash":0,"prefabPathHash":0,"prefabRemotePathHash":0,"quality":0,"sideIconName":"","skinId":210200}},"10000103":{"210300":{"animatorConfigPathHash":0,"characterId":10000103,"CJPALFADNOC":0,"controllerPathHash":0,"controllerRemotePathHash":0,"descTextMapHash":2150942562,"EKBEEPPBEPC":false,"frontIconName":"","GJAKFKJMKAD":0,"GMIJGOMCGOC":false,"hide":false,"ILEFLNPBGKA":false,"imageNameHash":0,"indexID":0,"isDefault":true,"itemId":0,"jsonName":"","KGAFLJJDGFI":0,"KJNEBKBDNJI":3910510658,"LJAIFCIPKFL":0,"nameTextMapHash":4097481770,"prefabManekinPathHash":0,"prefabNpcPathHash":0,"prefabPathHash":0,"prefabRemotePathHash":0,"quality":0,"sideIconName":"","skinId":210300}},"10000104":{"210400":{"animatorConfigPathHash":0,"characterId":10000104,"CJPALFADNOC":0,"controllerPathHash":0,"controllerRemotePathHash":0,"descTextMapHash":380573914,"EKBEEPPBEPC":false,"frontIconName":"","GJAKFKJMKAD":0,"GMIJGOMCGOC":false,"hide":false,"ILEFLNPBGKA":false,"imageNameHash":0,"indexID":0,"isDefault":true,"itemId":0,"jsonName":"","KGAFLJJDGFI":0,"KJNEBKBDNJI":2601022914,"LJAIFCIPKFL":0,"nameTextMapHash":1880406722,"prefabManekinPathHash":0,"prefabNpcPathHash":0,"prefabPathHash":0,"prefabRemotePathHash":0,"quality":0,"sideIconName":"","skinId":210400}},"10000105":{"210500":{"animatorConfigPathHash":0,"characterId":10000105,"CJPALFADNOC":0,"controllerPathHash":0,"controllerRemotePathHash":0,"descTextMapHash":298110682,"EKBEEPPBEPC":false,"frontIconName":"","GJAKFKJMKAD":0,"GMIJGOMCGOC":false,"hide":false,"ILEFLNPBGKA":false,"imageNameHash":0,"indexID":0,"isDefault":true,"itemId":0,"jsonName":"","KGAFLJJDGFI":0,"KJNEBKBDNJI":1556970242,"LJAIFCIPKFL":0,"nameTextMapHash":2720112890,"prefabManekinPathHash":0,"prefabNpcPathHash":0,"prefabPathHash":0,"prefabRemotePathHash":0,"quality":0,"sideIconName":"","skinId":210500}},"10000106":{"210600":{"animatorConfigPathHash":0,"characterId":10000106,"CJPALFADNOC":0,"controllerPathHash":0,"controllerRemotePathHash":0,"descTextMapHash":251932938,"EKBEEPPBEPC":false,"frontIconName":"","GJAKFKJMKAD":0,"GMIJGOMCGOC":false,"hide":false,"ILEFLNPBGKA":false,"imageNameHash":0,"indexID":0,"isDefault":true,"itemId":0,"jsonName":"","KGAFLJJDGFI":0,"KJNEBKBDNJI":3858197602,"LJAIFCIPKFL":0,"nameTextMapHash":3903864042,"prefabManekinPathHash":0,"prefabNpcPathHash":0,"prefabPathHash":0,"prefabRemotePathHash":0,"quality":0,"sideIconName":"","skinId":210600}},"10000107":{"210700":{"animatorConfigPathHash":0,"characterId":10000107,"CJPALFADNOC":0,"controllerPathHash":0,"controllerRemotePathHash":0,"descTextMapHash":3454821586,"EKBEEPPBEPC":false,"frontIconName":"","GJAKFKJMKAD":0,"GMIJGOMCGOC":false,"hide":false,"ILEFLNPBGKA":false,"imageNameHash":0,"indexID":0,"isDefault":true,"itemId":0,"jsonName":"","KGAFLJJDGFI":0,"KJNEBKBDNJI":1795643626,"LJAIFCIPKFL":0,"nameTextMapHash":3611122538,"prefabManekinPathHash":0,"prefabNpcPathHash":0,"prefabPathHash":0,"prefabRemotePathHash":0,"quality":0,"sideIconName":"","skinId":210700}},"10000108":{"210800":{"animatorConfigPathHash":0,"characterId":10000108,"CJPALFADNOC":0,"controllerPathHash":0,"controllerRemotePathHash":0,"descTextMapHash":1599599746,"EKBEEPPBEPC":false,"frontIconName":"","GJAKFKJMKAD":0,"GMIJGOMCGOC":false,"hide":false,"ILEFLNPBGKA":false,"imageNameHash":0,"indexID":0,"isDefault":true,"itemId":0,"jsonName":"","KGAFLJJDGFI":0,"KJNEBKBDNJI":140130938,"LJAIFCIPKFL":0,"nameTextMapHash":1522446634,"prefabManekinPathHash":0,"prefabNpcPathHash":0,"prefabPathHash":0,"prefabRemotePathHash":0,"quality":0,"sideIconName":"","skinId":210800}},"10000109":{"210900":{"animatorConfigPathHash":0,"characterId":10000109,"CJPALFADNOC":0,"controllerPathHash":0,"controllerRemotePathHash":0,"descTextMapHash":2880645482,"EKBEEPPBEPC":false,"frontIconName":"","GJAKFKJMKAD":0,"GMIJGOMCGOC":false,"hide":false,"ILEFLNPBGKA":false,"imageNameHash":0,"indexID":0,"isDefault":true,"itemId":0,"jsonName":"","KGAFLJJDGFI":0,"KJNEBKBDNJI":2857822370,"LJAIFCIPKFL":0,"nameTextMapHash":1995417858,"prefabManekinPathHash":0,"prefabNpcPathHash":0,"prefabPathHash":0,"prefabRemotePathHash":0,"quality":0,"sideIconName":"","skinId":210900}},"10000110":{"211000":{"animatorConfigPathHash":0,"characterId":10000110,"CJPALFADNOC":0,"controllerPathHash":0,"controllerRemotePathHash":0,"descTextMapHash":582947802,"EKBEEPPBEPC":false,"frontIconName":"","GJAKFKJMKAD":0,"GMIJGOMCGOC":false,"hide":false,"ILEFLNPBGKA":false,"imageNameHash":0,"indexID":0,"isDefault":true,"itemId":0,"jsonName":"","KGAFLJJDGFI":0,"KJNEBKBDNJI":828053146,"LJAIFCIPKFL":0,"nameTextMapHash":2247799730,"prefabManekinPathHash":0,"prefabNpcPathHash":0,"prefabPathHash":0,"prefabRemotePathHash":0,"quality":0,"sideIconName":"","skinId":211000}},"10000111":{"211100":{"animatorConfigPathHash":0,"characterId":10000111,"CJPALFADNOC":0,"controllerPathHash":0,"controllerRemotePathHash":0,"descTextMapHash":2597074490,"EKBEEPPBEPC":false,"frontIconName":"","GJAKFKJMKAD":0,"GMIJGOMCGOC":false,"hide":false,"ILEFLNPBGKA":false,"imageNameHash":0,"indexID":0,"isDefault":true,"itemId":0,"jsonName":"","KGAFLJJDGFI":0,"KJNEBKBDNJI":3245216154,"LJAIFCIPKFL":0,"nameTextMapHash":2109972426,"prefabManekinPathHash":0,"prefabNpcPathHash":0,"prefabPathHash":0,"prefabRemotePathHash":0,"quality":0,"sideIconName":"","skinId":211100}},"10000112":{"211200":{"animatorConfigPathHash":0,"characterId":10000112,"CJPALFADNOC":0,"controllerPathHash":0,"controllerRemotePathHash":0,"descTextMapHash":316091034,"EKBEEPPBEPC":false,"frontIconName":"","GJAKFKJMKAD":0,"GMIJGOMCGOC":false,"hide":false,"ILEFLNPBGKA":false,"imageNameHash":0,"indexID":0,"isDefault":true,"itemId":0,"jsonName":"","KGAFLJJDGFI":0,"KJNEBKBDNJI":258800914,"LJAIFCIPKFL":0,"nameTextMapHash":2158099930,"prefabManekinPathHash":0,"prefabNpcPathHash":0,"prefabPathHash":0,"prefabRemotePathHash":0,"quality":0,"sideIconName":"","skinId":211200}},"10000113":{"211300":{"animatorConfigPathHash":0,"characterId":10000113,"CJPALFADNOC":0,"controllerPathHash":0,"controllerRemotePathHash":0,"descTextMapHash":503922402,"EKBEEPPBEPC":false,"frontIconName":"","GJAKFKJMKAD":0,"GMIJGOMCGOC":false,"hide":false,"ILEFLNPBGKA":false,"imageNameHash":0,"indexID":0,"isDefault":true,"itemId":0,"jsonName":"","KGAFLJJDGFI":0,"KJNEBKBDNJI":739791018,"LJAIFCIPKFL":0,"nameTextMapHash":2608659810,"prefabManekinPathHash":0,"prefabNpcPathHash":0,"prefabPathHash":0,"prefabRemotePathHash":0,"quality":0,"sideIconName":"","skinId":211300}},"10000114":{"211400":{"animatorConfigPathHash":0,"characterId":10000114,"CJPALFADNOC":0,"controllerPathHash":0,"controllerRemotePathHash":0,"descTextMapHash":1977553594,"EKBEEPPBEPC":false,"frontIconName":"","GJAKFKJMKAD":0,"GMIJGOMCGOC":false,"hide":false,"ILEFLNPBGKA":false,"imageNameHash":0,"indexID":0,"isDefault":true,"itemId":0,"jsonName":"","KGAFLJJDGFI":0,"KJNEBKBDNJI":1439005098,"LJAIFCIPKFL":0,"nameTextMapHash":1717594946,"prefabManekinPathHash":0,"prefabNpcPathHash":0,"prefabPathHash":0,"prefabRemotePathHash":0,"quality":0,"sideIconName":"","skinId":211400}},"10000115":{"211500":{"animatorConfigPathHash":0,"characterId":10000115,"CJPALFADNOC":0,"controllerPathHash":0,"controllerRemotePathHash":0,"descTextMapHash":2446572594,"EKBEEPPBEPC":false,"frontIconName":"","GJAKFKJMKAD":0,"GMIJGOMCGOC":false,"hide":false,"ILEFLNPBGKA":false,"imageNameHash":0,"indexID":0,"isDefault":true,"itemId":0,"jsonName":"","KGAFLJJDGFI":0,"KJNEBKBDNJI":1334821098,"LJAIFCIPKFL":0,"nameTextMapHash":1898620778,"prefabManekinPathHash":0,"prefabNpcPathHash":0,"prefabPathHash":0,"prefabRemotePathHash":0,"quality":0,"sideIconName":"","skinId":211500}},"10000116":{"211600":{"animatorConfigPathHash":0,"characterId":10000116,"CJPALFADNOC":0,"controllerPathHash":0,"controllerRemotePathHash":0,"descTextMapHash":1833908770,"EKBEEPPBEPC":false,"frontIconName":"","GJAKFKJMKAD":0,"GMIJGOMCGOC":false,"hide":false,"ILEFLNPBGKA":false,"imageNameHash":0,"indexID":0,"isDefault":true,"itemId":0,"jsonName":"","KGAFLJJDGFI":0,"KJNEBKBDNJI":4233728666,"LJAIFCIPKFL":0,"nameTextMapHash":1315153722,"prefabManekinPathHash":0,"prefabNpcPathHash":0,"prefabPathHash":0,"prefabRemotePathHash":0,"quality":0,"sideIconName":"","skinId":211600}},"10000117":{"211700":{"animatorConfigPathHash":0,"characterId":10000117,"CJPALFADNOC":0,"controllerPathHash":0,"controllerRemotePathHash":0,"descTextMapHash":1476262082,"EKBEEPPBEPC":false,"frontIconName":"","GJAKFKJMKAD":0,"GMIJGOMCGOC":false,"hide":false,"ILEFLNPBGKA":false,"imageNameHash":0,"indexID":0,"isDefault":true,"itemId":0,"jsonName":"","KGAFLJJDGFI":0,"KJNEBKBDNJI":3953895210,"LJAIFCIPKFL":0,"nameTextMapHash":2834180010,"prefabManekinPathHash":0,"prefabNpcPathHash":0,"prefabPathHash":0,"prefabRemotePathHash":0,"quality":0,"sideIconName":"","skinId":211700}},"10000118":{"211800":{"animatorConfigPathHash":0,"characterId":10000118,"CJPALFADNOC":0,"controllerPathHash":0,"controllerRemotePathHash":0,"descTextMapHash":2098040690,"EKBEEPPBEPC":false,"frontIconName":"","GJAKFKJMKAD":0,"GMIJGOMCGOC":false,"hide":false,"ILEFLNPBGKA":false,"imageNameHash":0,"indexID":0,"isDefault":true,"itemId":0,"jsonName":"","KGAFLJJDGFI":0,"KJNEBKBDNJI":4131115282,"LJAIFCIPKFL":0,"nameTextMapHash":272455386,"prefabManekinPathHash":0,"prefabNpcPathHash":0,"prefabPathHash":0,"prefabRemotePathHash":0,"quality":0,"sideIconName":"","skinId":211800}},"10000119":{"211900":{"animatorConfigPathHash":0,"characterId":10000119,"CJPALFADNOC":0,"controllerPathHash":0,"controllerRemotePathHash":0,"descTextMapHash":622904170,"EKBEEPPBEPC":false,"frontIconName":"","GJAKFKJMKAD":0,"GMIJGOMCGOC":false,"hide":false,"ILEFLNPBGKA":false,"imageNameHash":0,"indexID":0,"isDefault":true,"itemId":0,"jsonName":"","KGAFLJJDGFI":0,"KJNEBKBDNJI":2759529282,"LJAIFCIPKFL":0,"nameTextMapHash":268557234,"prefabManekinPathHash":0,"prefabNpcPathHash":0,"prefabPathHash":0,"prefabRemotePathHash":0,"quality":0,"sideIconName":"","skinId":211900}},"10000120":{"212000":{"animatorConfigPathHash":0,"characterId":10000120,"CJPALFADNOC":0,"controllerPathHash":0,"controllerRemotePathHash":0,"descTextMapHash":2625352698,"EKBEEPPBEPC":false,"frontIconName":"","GJAKFKJMKAD":0,"GMIJGOMCGOC":false,"hide":false,"ILEFLNPBGKA":false,"imageNameHash":0,"indexID":0,"isDefault":true,"itemId":0,"jsonName":"","KGAFLJJDGFI":0,"KJNEBKBDNJI":3240194146,"LJAIFCIPKFL":0,"nameTextMapHash":1570611050,"prefabManekinPathHash":0,"prefabNpcPathHash":0,"prefabPathHash":0,"prefabRemotePathHash":0,"quality":0,"sideIconName":"","skinId":212000}},"10000121":{"212100":{"animatorConfigPathHash":0,"characterId":10000121,"CJPALFADNOC":0,"controllerPathHash":0,"controllerRemotePathHash":0,"descTextMapHash":2995256338,"EKBEEPPBEPC":false,"frontIconName":"","GJAKFKJMKAD":0,"GMIJGOMCGOC":false,"hide":false,"ILEFLNPBGKA":false,"imageNameHash":0,"indexID":0,"isDefault":true,"itemId":0,"jsonName":"","KGAFLJJDGFI":0,"KJNEBKBDNJI":1293003010,"LJAIFCIPKFL":0,"nameTextMapHash":2517838530,"prefabManekinPathHash":0,"prefabNpcPathHash":0,"prefabPathHash":0,"prefabRemotePathHash":0,"quality":0,"sideIconName":"","skinId":212100}},"10000122":{"212200":{"animatorConfigPathHash":0,"characterId":10000122,"CJPALFADNOC":0,"controllerPathHash":0,"controllerRemotePathHash":0,"descTextMapHash":3179074930,"EKBEEPPBEPC":false,"frontIconName":"","GJAKFKJMKAD":0,"GMIJGOMCGOC":false,"hide":false,"ILEFLNPBGKA":false,"imageNameHash":0,"indexID":0,"isDefault":true,"itemId":0,"jsonName":"","KGAFLJJDGFI":0,"KJNEBKBDNJI":4149887130,"LJAIFCIPKFL":0,"nameTextMapHash":1150566154,"prefabManekinPathHash":0,"prefabNpcPathHash":0,"prefabPathHash":0,"prefabRemotePathHash":0,"quality":0,"sideIconName":"","skinId":212200}},"10000123":{"212300":{"animatorConfigPathHash":0,"characterId":10000123,"CJPALFADNOC":0,"controllerPathHash":0,"controllerRemotePathHash":0,"descTextMapHash":2043832554,"EKBEEPPBEPC":false,"frontIconName":"","GJAKFKJMKAD":0,"GMIJGOMCGOC":false,"hide":false,"ILEFLNPBGKA":false,"imageNameHash":0,"indexID":0,"isDefault":true,"itemId":0,"jsonName":"","KGAFLJJDGFI":0,"KJNEBKBDNJI":4227524490,"LJAIFCIPKFL":0,"nameTextMapHash":1171454770,"prefabManekinPathHash":0,"prefabNpcPathHash":0,"prefabPathHash":0,"prefabRemotePathHash":0,"quality":0,"sideIconName":"","skinId":212300},"212301":{"animatorConfigPathHash":8132818385931033000,"characterId":10000123,"CJPALFADNOC":1,"controllerPathHash":14685381402000978000,"controllerRemotePathHash":12701572618166718000,"descTextMapHash":531675298,"EKBEEPPBEPC":false,"frontIconName":"UI_AvatarIcon_DurinCostumeWic","GJAKFKJMKAD":2456432667996496000,"GMIJGOMCGOC":false,"hide":false,"ILEFLNPBGKA":false,"imageNameHash":5382227264591500000,"indexID":1,"isDefault":false,"itemId":340025,"jsonName":"Avatar_Boy_Sword_DurinCostumeWic","KGAFLJJDGFI":14818519460447228000,"KJNEBKBDNJI":928247650,"LJAIFCIPKFL":3424242841304257500,"nameTextMapHash":2612042642,"prefabManekinPathHash":16221339520537901000,"prefabNpcPathHash":15766538621781377000,"prefabPathHash":17488715333855062000,"prefabRemotePathHash":2873417919899111000,"quality":4,"sideIconName":"UI_AvatarIcon_Side_DurinCostumeWic","skinId":212301}},"10000124":{"212400":{"animatorConfigPathHash":0,"characterId":10000124,"CJPALFADNOC":0,"controllerPathHash":0,"controllerRemotePathHash":0,"descTextMapHash":2415941770,"EKBEEPPBEPC":false,"frontIconName":"","GJAKFKJMKAD":0,"GMIJGOMCGOC":false,"hide":false,"ILEFLNPBGKA":false,"imageNameHash":0,"indexID":0,"isDefault":true,"itemId":0,"jsonName":"","KGAFLJJDGFI":0,"KJNEBKBDNJI":2900092874,"LJAIFCIPKFL":0,"nameTextMapHash":626101394,"prefabManekinPathHash":0,"prefabNpcPathHash":0,"prefabPathHash":0,"prefabRemotePathHash":0,"quality":0,"sideIconName":"","skinId":212400}},"10000901":{"290100":{"animatorConfigPathHash":0,"characterId":10000901,"CJPALFADNOC":0,"controllerPathHash":0,"controllerRemotePathHash":0,"descTextMapHash":675658346,"EKBEEPPBEPC":false,"frontIconName":"","GJAKFKJMKAD":0,"GMIJGOMCGOC":false,"hide":false,"ILEFLNPBGKA":false,"imageNameHash":0,"indexID":0,"isDefault":true,"itemId":0,"jsonName":"","KGAFLJJDGFI":0,"KJNEBKBDNJI":615781354,"LJAIFCIPKFL":0,"nameTextMapHash":1521467930,"prefabManekinPathHash":0,"prefabNpcPathHash":0,"prefabPathHash":0,"prefabRemotePathHash":0,"quality":0,"sideIconName":"","skinId":290100}},"10000902":{"290200":{"animatorConfigPathHash":0,"characterId":10000902,"CJPALFADNOC":0,"controllerPathHash":0,"controllerRemotePathHash":0,"descTextMapHash":2635843370,"EKBEEPPBEPC":false,"frontIconName":"","GJAKFKJMKAD":0,"GMIJGOMCGOC":false,"hide":false,"ILEFLNPBGKA":false,"imageNameHash":0,"indexID":0,"isDefault":true,"itemId":0,"jsonName":"","KGAFLJJDGFI":0,"KJNEBKBDNJI":12735250,"LJAIFCIPKFL":0,"nameTextMapHash":1288269538,"prefabManekinPathHash":0,"prefabNpcPathHash":0,"prefabPathHash":0,"prefabRemotePathHash":0,"quality":0,"sideIconName":"","skinId":290200}},"10000903":{"290300":{"animatorConfigPathHash":0,"characterId":10000903,"CJPALFADNOC":0,"controllerPathHash":0,"controllerRemotePathHash":0,"descTextMapHash":2691192194,"EKBEEPPBEPC":false,"frontIconName":"","GJAKFKJMKAD":0,"GMIJGOMCGOC":false,"hide":false,"ILEFLNPBGKA":false,"imageNameHash":0,"indexID":0,"isDefault":true,"itemId":0,"jsonName":"","KGAFLJJDGFI":0,"KJNEBKBDNJI":2545399042,"LJAIFCIPKFL":0,"nameTextMapHash":3264401050,"prefabManekinPathHash":0,"prefabNpcPathHash":0,"prefabPathHash":0,"prefabRemotePathHash":0,"quality":0,"sideIconName":"","skinId":290300}},"10000904":{"290400":{"animatorConfigPathHash":0,"characterId":10000904,"CJPALFADNOC":0,"controllerPathHash":0,"controllerRemotePathHash":0,"descTextMapHash":548307570,"EKBEEPPBEPC":false,"frontIconName":"","GJAKFKJMKAD":0,"GMIJGOMCGOC":false,"hide":false,"ILEFLNPBGKA":false,"imageNameHash":0,"indexID":0,"isDefault":true,"itemId":0,"jsonName":"","KGAFLJJDGFI":0,"KJNEBKBDNJI":80970130,"LJAIFCIPKFL":0,"nameTextMapHash":581306674,"prefabManekinPathHash":0,"prefabNpcPathHash":0,"prefabPathHash":0,"prefabRemotePathHash":0,"quality":0,"sideIconName":"","skinId":290400}},"10000998":{"299800":{"animatorConfigPathHash":0,"characterId":10000998,"CJPALFADNOC":0,"controllerPathHash":0,"controllerRemotePathHash":0,"descTextMapHash":2531135010,"EKBEEPPBEPC":false,"frontIconName":"","GJAKFKJMKAD":0,"GMIJGOMCGOC":false,"hide":false,"ILEFLNPBGKA":false,"imageNameHash":0,"indexID":0,"isDefault":true,"itemId":0,"jsonName":"","KGAFLJJDGFI":0,"KJNEBKBDNJI":3431119730,"LJAIFCIPKFL":0,"nameTextMapHash":2359551978,"prefabManekinPathHash":0,"prefabNpcPathHash":0,"prefabPathHash":0,"prefabRemotePathHash":0,"quality":0,"sideIconName":"","skinId":299800}},"10000999":{"299900":{"animatorConfigPathHash":0,"characterId":10000999,"CJPALFADNOC":0,"controllerPathHash":0,"controllerRemotePathHash":0,"descTextMapHash":1275628210,"EKBEEPPBEPC":false,"frontIconName":"","GJAKFKJMKAD":0,"GMIJGOMCGOC":false,"hide":false,"ILEFLNPBGKA":false,"imageNameHash":0,"indexID":0,"isDefault":true,"itemId":0,"jsonName":"","KGAFLJJDGFI":0,"KJNEBKBDNJI":3566544842,"LJAIFCIPKFL":0,"nameTextMapHash":120031210,"prefabManekinPathHash":0,"prefabNpcPathHash":0,"prefabPathHash":0,"prefabRemotePathHash":0,"quality":0,"sideIconName":"","skinId":299900}}}