{"1":{"curveInfos":[{"arith":"ARITH_MULTI","type":"GROW_CURVE_HP_S4","value":1},{"arith":"ARITH_MULTI","type":"GROW_CURVE_ATTACK_S4","value":1},{"arith":"ARITH_MULTI","type":"GROW_CURVE_HP_S5","value":1},{"arith":"ARITH_MULTI","type":"GROW_CURVE_ATTACK_S5","value":1}],"level":1},"2":{"curveInfos":[{"arith":"ARITH_MULTI","type":"GROW_CURVE_HP_S4","value":1.083},{"arith":"ARITH_MULTI","type":"GROW_CURVE_ATTACK_S4","value":1.083},{"arith":"ARITH_MULTI","type":"GROW_CURVE_HP_S5","value":1.083},{"arith":"ARITH_MULTI","type":"GROW_CURVE_ATTACK_S5","value":1.083}],"level":2},"3":{"curveInfos":[{"arith":"ARITH_MULTI","type":"GROW_CURVE_HP_S4","value":1.165},{"arith":"ARITH_MULTI","type":"GROW_CURVE_ATTACK_S4","value":1.165},{"arith":"ARITH_MULTI","type":"GROW_CURVE_HP_S5","value":1.166},{"arith":"ARITH_MULTI","type":"GROW_CURVE_ATTACK_S5","value":1.166}],"level":3},"4":{"curveInfos":[{"arith":"ARITH_MULTI","type":"GROW_CURVE_HP_S4","value":1.248},{"arith":"ARITH_MULTI","type":"GROW_CURVE_ATTACK_S4","value":1.248},{"arith":"ARITH_MULTI","type":"GROW_CURVE_HP_S5","value":1.25},{"arith":"ARITH_MULTI","type":"GROW_CURVE_ATTACK_S5","value":1.25}],"level":4},"5":{"curveInfos":[{"arith":"ARITH_MULTI","type":"GROW_CURVE_HP_S4","value":1.33},{"arith":"ARITH_MULTI","type":"GROW_CURVE_ATTACK_S4","value":1.33},{"arith":"ARITH_MULTI","type":"GROW_CURVE_HP_S5","value":1.333},{"arith":"ARITH_MULTI","type":"GROW_CURVE_ATTACK_S5","value":1.333}],"level":5},"6":{"curveInfos":[{"arith":"ARITH_MULTI","type":"GROW_CURVE_HP_S4","value":1.413},{"arith":"ARITH_MULTI","type":"GROW_CURVE_ATTACK_S4","value":1.413},{"arith":"ARITH_MULTI","type":"GROW_CURVE_HP_S5","value":1.417},{"arith":"ARITH_MULTI","type":"GROW_CURVE_ATTACK_S5","value":1.417}],"level":6},"7":{"curveInfos":[{"arith":"ARITH_MULTI","type":"GROW_CURVE_HP_S4","value":1.495},{"arith":"ARITH_MULTI","type":"GROW_CURVE_ATTACK_S4","value":1.495},{"arith":"ARITH_MULTI","type":"GROW_CURVE_HP_S5","value":1.5},{"arith":"ARITH_MULTI","type":"GROW_CURVE_ATTACK_S5","value":1.5}],"level":7},"8":{"curveInfos":[{"arith":"ARITH_MULTI","type":"GROW_CURVE_HP_S4","value":1.578},{"arith":"ARITH_MULTI","type":"GROW_CURVE_ATTACK_S4","value":1.578},{"arith":"ARITH_MULTI","type":"GROW_CURVE_HP_S5","value":1.584},{"arith":"ARITH_MULTI","type":"GROW_CURVE_ATTACK_S5","value":1.584}],"level":8},"9":{"curveInfos":[{"arith":"ARITH_MULTI","type":"GROW_CURVE_HP_S4","value":1.661},{"arith":"ARITH_MULTI","type":"GROW_CURVE_ATTACK_S4","value":1.661},{"arith":"ARITH_MULTI","type":"GROW_CURVE_HP_S5","value":1.668},{"arith":"ARITH_MULTI","type":"GROW_CURVE_ATTACK_S5","value":1.668}],"level":9},"10":{"curveInfos":[{"arith":"ARITH_MULTI","type":"GROW_CURVE_HP_S4","value":1.743},{"arith":"ARITH_MULTI","type":"GROW_CURVE_ATTACK_S4","value":1.743},{"arith":"ARITH_MULTI","type":"GROW_CURVE_HP_S5","value":1.751},{"arith":"ARITH_MULTI","type":"GROW_CURVE_ATTACK_S5","value":1.751}],"level":10},"11":{"curveInfos":[{"arith":"ARITH_MULTI","type":"GROW_CURVE_HP_S4","value":1.826},{"arith":"ARITH_MULTI","type":"GROW_CURVE_ATTACK_S4","value":1.826},{"arith":"ARITH_MULTI","type":"GROW_CURVE_HP_S5","value":1.835},{"arith":"ARITH_MULTI","type":"GROW_CURVE_ATTACK_S5","value":1.835}],"level":11},"12":{"curveInfos":[{"arith":"ARITH_MULTI","type":"GROW_CURVE_HP_S4","value":1.908},{"arith":"ARITH_MULTI","type":"GROW_CURVE_ATTACK_S4","value":1.908},{"arith":"ARITH_MULTI","type":"GROW_CURVE_HP_S5","value":1.919},{"arith":"ARITH_MULTI","type":"GROW_CURVE_ATTACK_S5","value":1.919}],"level":12},"13":{"curveInfos":[{"arith":"ARITH_MULTI","type":"GROW_CURVE_HP_S4","value":1.991},{"arith":"ARITH_MULTI","type":"GROW_CURVE_ATTACK_S4","value":1.991},{"arith":"ARITH_MULTI","type":"GROW_CURVE_HP_S5","value":2.003},{"arith":"ARITH_MULTI","type":"GROW_CURVE_ATTACK_S5","value":2.003}],"level":13},"14":{"curveInfos":[{"arith":"ARITH_MULTI","type":"GROW_CURVE_HP_S4","value":2.073},{"arith":"ARITH_MULTI","type":"GROW_CURVE_ATTACK_S4","value":2.073},{"arith":"ARITH_MULTI","type":"GROW_CURVE_HP_S5","value":2.088},{"arith":"ARITH_MULTI","type":"GROW_CURVE_ATTACK_S5","value":2.088}],"level":14},"15":{"curveInfos":[{"arith":"ARITH_MULTI","type":"GROW_CURVE_HP_S4","value":2.156},{"arith":"ARITH_MULTI","type":"GROW_CURVE_ATTACK_S4","value":2.156},{"arith":"ARITH_MULTI","type":"GROW_CURVE_HP_S5","value":2.172},{"arith":"ARITH_MULTI","type":"GROW_CURVE_ATTACK_S5","value":2.172}],"level":15},"16":{"curveInfos":[{"arith":"ARITH_MULTI","type":"GROW_CURVE_HP_S4","value":2.239},{"arith":"ARITH_MULTI","type":"GROW_CURVE_ATTACK_S4","value":2.239},{"arith":"ARITH_MULTI","type":"GROW_CURVE_HP_S5","value":2.256},{"arith":"ARITH_MULTI","type":"GROW_CURVE_ATTACK_S5","value":2.256}],"level":16},"17":{"curveInfos":[{"arith":"ARITH_MULTI","type":"GROW_CURVE_HP_S4","value":2.321},{"arith":"ARITH_MULTI","type":"GROW_CURVE_ATTACK_S4","value":2.321},{"arith":"ARITH_MULTI","type":"GROW_CURVE_HP_S5","value":2.341},{"arith":"ARITH_MULTI","type":"GROW_CURVE_ATTACK_S5","value":2.341}],"level":17},"18":{"curveInfos":[{"arith":"ARITH_MULTI","type":"GROW_CURVE_HP_S4","value":2.404},{"arith":"ARITH_MULTI","type":"GROW_CURVE_ATTACK_S4","value":2.404},{"arith":"ARITH_MULTI","type":"GROW_CURVE_HP_S5","value":2.425},{"arith":"ARITH_MULTI","type":"GROW_CURVE_ATTACK_S5","value":2.425}],"level":18},"19":{"curveInfos":[{"arith":"ARITH_MULTI","type":"GROW_CURVE_HP_S4","value":2.486},{"arith":"ARITH_MULTI","type":"GROW_CURVE_ATTACK_S4","value":2.486},{"arith":"ARITH_MULTI","type":"GROW_CURVE_HP_S5","value":2.51},{"arith":"ARITH_MULTI","type":"GROW_CURVE_ATTACK_S5","value":2.51}],"level":19},"20":{"curveInfos":[{"arith":"ARITH_MULTI","type":"GROW_CURVE_HP_S4","value":2.569},{"arith":"ARITH_MULTI","type":"GROW_CURVE_ATTACK_S4","value":2.569},{"arith":"ARITH_MULTI","type":"GROW_CURVE_HP_S5","value":2.594},{"arith":"ARITH_MULTI","type":"GROW_CURVE_ATTACK_S5","value":2.594}],"level":20},"21":{"curveInfos":[{"arith":"ARITH_MULTI","type":"GROW_CURVE_HP_S4","value":2.651},{"arith":"ARITH_MULTI","type":"GROW_CURVE_ATTACK_S4","value":2.651},{"arith":"ARITH_MULTI","type":"GROW_CURVE_HP_S5","value":2.679},{"arith":"ARITH_MULTI","type":"GROW_CURVE_ATTACK_S5","value":2.679}],"level":21},"22":{"curveInfos":[{"arith":"ARITH_MULTI","type":"GROW_CURVE_HP_S4","value":2.734},{"arith":"ARITH_MULTI","type":"GROW_CURVE_ATTACK_S4","value":2.734},{"arith":"ARITH_MULTI","type":"GROW_CURVE_HP_S5","value":2.764},{"arith":"ARITH_MULTI","type":"GROW_CURVE_ATTACK_S5","value":2.764}],"level":22},"23":{"curveInfos":[{"arith":"ARITH_MULTI","type":"GROW_CURVE_HP_S4","value":2.817},{"arith":"ARITH_MULTI","type":"GROW_CURVE_ATTACK_S4","value":2.817},{"arith":"ARITH_MULTI","type":"GROW_CURVE_HP_S5","value":2.849},{"arith":"ARITH_MULTI","type":"GROW_CURVE_ATTACK_S5","value":2.849}],"level":23},"24":{"curveInfos":[{"arith":"ARITH_MULTI","type":"GROW_CURVE_HP_S4","value":2.899},{"arith":"ARITH_MULTI","type":"GROW_CURVE_ATTACK_S4","value":2.899},{"arith":"ARITH_MULTI","type":"GROW_CURVE_HP_S5","value":2.934},{"arith":"ARITH_MULTI","type":"GROW_CURVE_ATTACK_S5","value":2.934}],"level":24},"25":{"curveInfos":[{"arith":"ARITH_MULTI","type":"GROW_CURVE_HP_S4","value":2.982},{"arith":"ARITH_MULTI","type":"GROW_CURVE_ATTACK_S4","value":2.982},{"arith":"ARITH_MULTI","type":"GROW_CURVE_HP_S5","value":3.019},{"arith":"ARITH_MULTI","type":"GROW_CURVE_ATTACK_S5","value":3.019}],"level":25},"26":{"curveInfos":[{"arith":"ARITH_MULTI","type":"GROW_CURVE_HP_S4","value":3.064},{"arith":"ARITH_MULTI","type":"GROW_CURVE_ATTACK_S4","value":3.064},{"arith":"ARITH_MULTI","type":"GROW_CURVE_HP_S5","value":3.105},{"arith":"ARITH_MULTI","type":"GROW_CURVE_ATTACK_S5","value":3.105}],"level":26},"27":{"curveInfos":[{"arith":"ARITH_MULTI","type":"GROW_CURVE_HP_S4","value":3.147},{"arith":"ARITH_MULTI","type":"GROW_CURVE_ATTACK_S4","value":3.147},{"arith":"ARITH_MULTI","type":"GROW_CURVE_HP_S5","value":3.19},{"arith":"ARITH_MULTI","type":"GROW_CURVE_ATTACK_S5","value":3.19}],"level":27},"28":{"curveInfos":[{"arith":"ARITH_MULTI","type":"GROW_CURVE_HP_S4","value":3.229},{"arith":"ARITH_MULTI","type":"GROW_CURVE_ATTACK_S4","value":3.229},{"arith":"ARITH_MULTI","type":"GROW_CURVE_HP_S5","value":3.275},{"arith":"ARITH_MULTI","type":"GROW_CURVE_ATTACK_S5","value":3.275}],"level":28},"29":{"curveInfos":[{"arith":"ARITH_MULTI","type":"GROW_CURVE_HP_S4","value":3.312},{"arith":"ARITH_MULTI","type":"GROW_CURVE_ATTACK_S4","value":3.312},{"arith":"ARITH_MULTI","type":"GROW_CURVE_HP_S5","value":3.361},{"arith":"ARITH_MULTI","type":"GROW_CURVE_ATTACK_S5","value":3.361}],"level":29},"30":{"curveInfos":[{"arith":"ARITH_MULTI","type":"GROW_CURVE_HP_S4","value":3.394},{"arith":"ARITH_MULTI","type":"GROW_CURVE_ATTACK_S4","value":3.394},{"arith":"ARITH_MULTI","type":"GROW_CURVE_HP_S5","value":3.446},{"arith":"ARITH_MULTI","type":"GROW_CURVE_ATTACK_S5","value":3.446}],"level":30},"31":{"curveInfos":[{"arith":"ARITH_MULTI","type":"GROW_CURVE_HP_S4","value":3.477},{"arith":"ARITH_MULTI","type":"GROW_CURVE_ATTACK_S4","value":3.477},{"arith":"ARITH_MULTI","type":"GROW_CURVE_HP_S5","value":3.532},{"arith":"ARITH_MULTI","type":"GROW_CURVE_ATTACK_S5","value":3.532}],"level":31},"32":{"curveInfos":[{"arith":"ARITH_MULTI","type":"GROW_CURVE_HP_S4","value":3.56},{"arith":"ARITH_MULTI","type":"GROW_CURVE_ATTACK_S4","value":3.56},{"arith":"ARITH_MULTI","type":"GROW_CURVE_HP_S5","value":3.618},{"arith":"ARITH_MULTI","type":"GROW_CURVE_ATTACK_S5","value":3.618}],"level":32},"33":{"curveInfos":[{"arith":"ARITH_MULTI","type":"GROW_CURVE_HP_S4","value":3.642},{"arith":"ARITH_MULTI","type":"GROW_CURVE_ATTACK_S4","value":3.642},{"arith":"ARITH_MULTI","type":"GROW_CURVE_HP_S5","value":3.704},{"arith":"ARITH_MULTI","type":"GROW_CURVE_ATTACK_S5","value":3.704}],"level":33},"34":{"curveInfos":[{"arith":"ARITH_MULTI","type":"GROW_CURVE_HP_S4","value":3.725},{"arith":"ARITH_MULTI","type":"GROW_CURVE_ATTACK_S4","value":3.725},{"arith":"ARITH_MULTI","type":"GROW_CURVE_HP_S5","value":3.789},{"arith":"ARITH_MULTI","type":"GROW_CURVE_ATTACK_S5","value":3.789}],"level":34},"35":{"curveInfos":[{"arith":"ARITH_MULTI","type":"GROW_CURVE_HP_S4","value":3.807},{"arith":"ARITH_MULTI","type":"GROW_CURVE_ATTACK_S4","value":3.807},{"arith":"ARITH_MULTI","type":"GROW_CURVE_HP_S5","value":3.875},{"arith":"ARITH_MULTI","type":"GROW_CURVE_ATTACK_S5","value":3.875}],"level":35},"36":{"curveInfos":[{"arith":"ARITH_MULTI","type":"GROW_CURVE_HP_S4","value":3.89},{"arith":"ARITH_MULTI","type":"GROW_CURVE_ATTACK_S4","value":3.89},{"arith":"ARITH_MULTI","type":"GROW_CURVE_HP_S5","value":3.962},{"arith":"ARITH_MULTI","type":"GROW_CURVE_ATTACK_S5","value":3.962}],"level":36},"37":{"curveInfos":[{"arith":"ARITH_MULTI","type":"GROW_CURVE_HP_S4","value":3.972},{"arith":"ARITH_MULTI","type":"GROW_CURVE_ATTACK_S4","value":3.972},{"arith":"ARITH_MULTI","type":"GROW_CURVE_HP_S5","value":4.048},{"arith":"ARITH_MULTI","type":"GROW_CURVE_ATTACK_S5","value":4.048}],"level":37},"38":{"curveInfos":[{"arith":"ARITH_MULTI","type":"GROW_CURVE_HP_S4","value":4.055},{"arith":"ARITH_MULTI","type":"GROW_CURVE_ATTACK_S4","value":4.055},{"arith":"ARITH_MULTI","type":"GROW_CURVE_HP_S5","value":4.134},{"arith":"ARITH_MULTI","type":"GROW_CURVE_ATTACK_S5","value":4.134}],"level":38},"39":{"curveInfos":[{"arith":"ARITH_MULTI","type":"GROW_CURVE_HP_S4","value":4.138},{"arith":"ARITH_MULTI","type":"GROW_CURVE_ATTACK_S4","value":4.138},{"arith":"ARITH_MULTI","type":"GROW_CURVE_HP_S5","value":4.22},{"arith":"ARITH_MULTI","type":"GROW_CURVE_ATTACK_S5","value":4.22}],"level":39},"40":{"curveInfos":[{"arith":"ARITH_MULTI","type":"GROW_CURVE_HP_S4","value":4.22},{"arith":"ARITH_MULTI","type":"GROW_CURVE_ATTACK_S4","value":4.22},{"arith":"ARITH_MULTI","type":"GROW_CURVE_HP_S5","value":4.307},{"arith":"ARITH_MULTI","type":"GROW_CURVE_ATTACK_S5","value":4.307}],"level":40},"41":{"curveInfos":[{"arith":"ARITH_MULTI","type":"GROW_CURVE_HP_S4","value":4.303},{"arith":"ARITH_MULTI","type":"GROW_CURVE_ATTACK_S4","value":4.303},{"arith":"ARITH_MULTI","type":"GROW_CURVE_HP_S5","value":4.393},{"arith":"ARITH_MULTI","type":"GROW_CURVE_ATTACK_S5","value":4.393}],"level":41},"42":{"curveInfos":[{"arith":"ARITH_MULTI","type":"GROW_CURVE_HP_S4","value":4.385},{"arith":"ARITH_MULTI","type":"GROW_CURVE_ATTACK_S4","value":4.385},{"arith":"ARITH_MULTI","type":"GROW_CURVE_HP_S5","value":4.48},{"arith":"ARITH_MULTI","type":"GROW_CURVE_ATTACK_S5","value":4.48}],"level":42},"43":{"curveInfos":[{"arith":"ARITH_MULTI","type":"GROW_CURVE_HP_S4","value":4.468},{"arith":"ARITH_MULTI","type":"GROW_CURVE_ATTACK_S4","value":4.468},{"arith":"ARITH_MULTI","type":"GROW_CURVE_HP_S5","value":4.567},{"arith":"ARITH_MULTI","type":"GROW_CURVE_ATTACK_S5","value":4.567}],"level":43},"44":{"curveInfos":[{"arith":"ARITH_MULTI","type":"GROW_CURVE_HP_S4","value":4.55},{"arith":"ARITH_MULTI","type":"GROW_CURVE_ATTACK_S4","value":4.55},{"arith":"ARITH_MULTI","type":"GROW_CURVE_HP_S5","value":4.653},{"arith":"ARITH_MULTI","type":"GROW_CURVE_ATTACK_S5","value":4.653}],"level":44},"45":{"curveInfos":[{"arith":"ARITH_MULTI","type":"GROW_CURVE_HP_S4","value":4.633},{"arith":"ARITH_MULTI","type":"GROW_CURVE_ATTACK_S4","value":4.633},{"arith":"ARITH_MULTI","type":"GROW_CURVE_HP_S5","value":4.74},{"arith":"ARITH_MULTI","type":"GROW_CURVE_ATTACK_S5","value":4.74}],"level":45},"46":{"curveInfos":[{"arith":"ARITH_MULTI","type":"GROW_CURVE_HP_S4","value":4.716},{"arith":"ARITH_MULTI","type":"GROW_CURVE_ATTACK_S4","value":4.716},{"arith":"ARITH_MULTI","type":"GROW_CURVE_HP_S5","value":4.827},{"arith":"ARITH_MULTI","type":"GROW_CURVE_ATTACK_S5","value":4.827}],"level":46},"47":{"curveInfos":[{"arith":"ARITH_MULTI","type":"GROW_CURVE_HP_S4","value":4.798},{"arith":"ARITH_MULTI","type":"GROW_CURVE_ATTACK_S4","value":4.798},{"arith":"ARITH_MULTI","type":"GROW_CURVE_HP_S5","value":4.914},{"arith":"ARITH_MULTI","type":"GROW_CURVE_ATTACK_S5","value":4.914}],"level":47},"48":{"curveInfos":[{"arith":"ARITH_MULTI","type":"GROW_CURVE_HP_S4","value":4.881},{"arith":"ARITH_MULTI","type":"GROW_CURVE_ATTACK_S4","value":4.881},{"arith":"ARITH_MULTI","type":"GROW_CURVE_HP_S5","value":5.001},{"arith":"ARITH_MULTI","type":"GROW_CURVE_ATTACK_S5","value":5.001}],"level":48},"49":{"curveInfos":[{"arith":"ARITH_MULTI","type":"GROW_CURVE_HP_S4","value":4.963},{"arith":"ARITH_MULTI","type":"GROW_CURVE_ATTACK_S4","value":4.963},{"arith":"ARITH_MULTI","type":"GROW_CURVE_HP_S5","value":5.089},{"arith":"ARITH_MULTI","type":"GROW_CURVE_ATTACK_S5","value":5.089}],"level":49},"50":{"curveInfos":[{"arith":"ARITH_MULTI","type":"GROW_CURVE_HP_S4","value":5.046},{"arith":"ARITH_MULTI","type":"GROW_CURVE_ATTACK_S4","value":5.046},{"arith":"ARITH_MULTI","type":"GROW_CURVE_HP_S5","value":5.176},{"arith":"ARITH_MULTI","type":"GROW_CURVE_ATTACK_S5","value":5.176}],"level":50},"51":{"curveInfos":[{"arith":"ARITH_MULTI","type":"GROW_CURVE_HP_S4","value":5.128},{"arith":"ARITH_MULTI","type":"GROW_CURVE_ATTACK_S4","value":5.128},{"arith":"ARITH_MULTI","type":"GROW_CURVE_HP_S5","value":5.263},{"arith":"ARITH_MULTI","type":"GROW_CURVE_ATTACK_S5","value":5.263}],"level":51},"52":{"curveInfos":[{"arith":"ARITH_MULTI","type":"GROW_CURVE_HP_S4","value":5.211},{"arith":"ARITH_MULTI","type":"GROW_CURVE_ATTACK_S4","value":5.211},{"arith":"ARITH_MULTI","type":"GROW_CURVE_HP_S5","value":5.351},{"arith":"ARITH_MULTI","type":"GROW_CURVE_ATTACK_S5","value":5.351}],"level":52},"53":{"curveInfos":[{"arith":"ARITH_MULTI","type":"GROW_CURVE_HP_S4","value":5.294},{"arith":"ARITH_MULTI","type":"GROW_CURVE_ATTACK_S4","value":5.294},{"arith":"ARITH_MULTI","type":"GROW_CURVE_HP_S5","value":5.438},{"arith":"ARITH_MULTI","type":"GROW_CURVE_ATTACK_S5","value":5.438}],"level":53},"54":{"curveInfos":[{"arith":"ARITH_MULTI","type":"GROW_CURVE_HP_S4","value":5.376},{"arith":"ARITH_MULTI","type":"GROW_CURVE_ATTACK_S4","value":5.376},{"arith":"ARITH_MULTI","type":"GROW_CURVE_HP_S5","value":5.526},{"arith":"ARITH_MULTI","type":"GROW_CURVE_ATTACK_S5","value":5.526}],"level":54},"55":{"curveInfos":[{"arith":"ARITH_MULTI","type":"GROW_CURVE_HP_S4","value":5.459},{"arith":"ARITH_MULTI","type":"GROW_CURVE_ATTACK_S4","value":5.459},{"arith":"ARITH_MULTI","type":"GROW_CURVE_HP_S5","value":5.614},{"arith":"ARITH_MULTI","type":"GROW_CURVE_ATTACK_S5","value":5.614}],"level":55},"56":{"curveInfos":[{"arith":"ARITH_MULTI","type":"GROW_CURVE_HP_S4","value":5.541},{"arith":"ARITH_MULTI","type":"GROW_CURVE_ATTACK_S4","value":5.541},{"arith":"ARITH_MULTI","type":"GROW_CURVE_HP_S5","value":5.702},{"arith":"ARITH_MULTI","type":"GROW_CURVE_ATTACK_S5","value":5.702}],"level":56},"57":{"curveInfos":[{"arith":"ARITH_MULTI","type":"GROW_CURVE_HP_S4","value":5.624},{"arith":"ARITH_MULTI","type":"GROW_CURVE_ATTACK_S4","value":5.624},{"arith":"ARITH_MULTI","type":"GROW_CURVE_HP_S5","value":5.79},{"arith":"ARITH_MULTI","type":"GROW_CURVE_ATTACK_S5","value":5.79}],"level":57},"58":{"curveInfos":[{"arith":"ARITH_MULTI","type":"GROW_CURVE_HP_S4","value":5.706},{"arith":"ARITH_MULTI","type":"GROW_CURVE_ATTACK_S4","value":5.706},{"arith":"ARITH_MULTI","type":"GROW_CURVE_HP_S5","value":5.878},{"arith":"ARITH_MULTI","type":"GROW_CURVE_ATTACK_S5","value":5.878}],"level":58},"59":{"curveInfos":[{"arith":"ARITH_MULTI","type":"GROW_CURVE_HP_S4","value":5.789},{"arith":"ARITH_MULTI","type":"GROW_CURVE_ATTACK_S4","value":5.789},{"arith":"ARITH_MULTI","type":"GROW_CURVE_HP_S5","value":5.966},{"arith":"ARITH_MULTI","type":"GROW_CURVE_ATTACK_S5","value":5.966}],"level":59},"60":{"curveInfos":[{"arith":"ARITH_MULTI","type":"GROW_CURVE_HP_S4","value":5.872},{"arith":"ARITH_MULTI","type":"GROW_CURVE_ATTACK_S4","value":5.872},{"arith":"ARITH_MULTI","type":"GROW_CURVE_HP_S5","value":6.054},{"arith":"ARITH_MULTI","type":"GROW_CURVE_ATTACK_S5","value":6.054}],"level":60},"61":{"curveInfos":[{"arith":"ARITH_MULTI","type":"GROW_CURVE_HP_S4","value":5.954},{"arith":"ARITH_MULTI","type":"GROW_CURVE_ATTACK_S4","value":5.954},{"arith":"ARITH_MULTI","type":"GROW_CURVE_HP_S5","value":6.142},{"arith":"ARITH_MULTI","type":"GROW_CURVE_ATTACK_S5","value":6.142}],"level":61},"62":{"curveInfos":[{"arith":"ARITH_MULTI","type":"GROW_CURVE_HP_S4","value":6.037},{"arith":"ARITH_MULTI","type":"GROW_CURVE_ATTACK_S4","value":6.037},{"arith":"ARITH_MULTI","type":"GROW_CURVE_HP_S5","value":6.23},{"arith":"ARITH_MULTI","type":"GROW_CURVE_ATTACK_S5","value":6.23}],"level":62},"63":{"curveInfos":[{"arith":"ARITH_MULTI","type":"GROW_CURVE_HP_S4","value":6.119},{"arith":"ARITH_MULTI","type":"GROW_CURVE_ATTACK_S4","value":6.119},{"arith":"ARITH_MULTI","type":"GROW_CURVE_HP_S5","value":6.319},{"arith":"ARITH_MULTI","type":"GROW_CURVE_ATTACK_S5","value":6.319}],"level":63},"64":{"curveInfos":[{"arith":"ARITH_MULTI","type":"GROW_CURVE_HP_S4","value":6.202},{"arith":"ARITH_MULTI","type":"GROW_CURVE_ATTACK_S4","value":6.202},{"arith":"ARITH_MULTI","type":"GROW_CURVE_HP_S5","value":6.407},{"arith":"ARITH_MULTI","type":"GROW_CURVE_ATTACK_S5","value":6.407}],"level":64},"65":{"curveInfos":[{"arith":"ARITH_MULTI","type":"GROW_CURVE_HP_S4","value":6.284},{"arith":"ARITH_MULTI","type":"GROW_CURVE_ATTACK_S4","value":6.284},{"arith":"ARITH_MULTI","type":"GROW_CURVE_HP_S5","value":6.496},{"arith":"ARITH_MULTI","type":"GROW_CURVE_ATTACK_S5","value":6.496}],"level":65},"66":{"curveInfos":[{"arith":"ARITH_MULTI","type":"GROW_CURVE_HP_S4","value":6.367},{"arith":"ARITH_MULTI","type":"GROW_CURVE_ATTACK_S4","value":6.367},{"arith":"ARITH_MULTI","type":"GROW_CURVE_HP_S5","value":6.585},{"arith":"ARITH_MULTI","type":"GROW_CURVE_ATTACK_S5","value":6.585}],"level":66},"67":{"curveInfos":[{"arith":"ARITH_MULTI","type":"GROW_CURVE_HP_S4","value":6.45},{"arith":"ARITH_MULTI","type":"GROW_CURVE_ATTACK_S4","value":6.45},{"arith":"ARITH_MULTI","type":"GROW_CURVE_HP_S5","value":6.673},{"arith":"ARITH_MULTI","type":"GROW_CURVE_ATTACK_S5","value":6.673}],"level":67},"68":{"curveInfos":[{"arith":"ARITH_MULTI","type":"GROW_CURVE_HP_S4","value":6.532},{"arith":"ARITH_MULTI","type":"GROW_CURVE_ATTACK_S4","value":6.532},{"arith":"ARITH_MULTI","type":"GROW_CURVE_HP_S5","value":6.762},{"arith":"ARITH_MULTI","type":"GROW_CURVE_ATTACK_S5","value":6.762}],"level":68},"69":{"curveInfos":[{"arith":"ARITH_MULTI","type":"GROW_CURVE_HP_S4","value":6.615},{"arith":"ARITH_MULTI","type":"GROW_CURVE_ATTACK_S4","value":6.615},{"arith":"ARITH_MULTI","type":"GROW_CURVE_HP_S5","value":6.851},{"arith":"ARITH_MULTI","type":"GROW_CURVE_ATTACK_S5","value":6.851}],"level":69},"70":{"curveInfos":[{"arith":"ARITH_MULTI","type":"GROW_CURVE_HP_S4","value":6.697},{"arith":"ARITH_MULTI","type":"GROW_CURVE_ATTACK_S4","value":6.697},{"arith":"ARITH_MULTI","type":"GROW_CURVE_HP_S5","value":6.94},{"arith":"ARITH_MULTI","type":"GROW_CURVE_ATTACK_S5","value":6.94}],"level":70},"71":{"curveInfos":[{"arith":"ARITH_MULTI","type":"GROW_CURVE_HP_S4","value":6.78},{"arith":"ARITH_MULTI","type":"GROW_CURVE_ATTACK_S4","value":6.78},{"arith":"ARITH_MULTI","type":"GROW_CURVE_HP_S5","value":7.029},{"arith":"ARITH_MULTI","type":"GROW_CURVE_ATTACK_S5","value":7.029}],"level":71},"72":{"curveInfos":[{"arith":"ARITH_MULTI","type":"GROW_CURVE_HP_S4","value":6.862},{"arith":"ARITH_MULTI","type":"GROW_CURVE_ATTACK_S4","value":6.862},{"arith":"ARITH_MULTI","type":"GROW_CURVE_HP_S5","value":7.119},{"arith":"ARITH_MULTI","type":"GROW_CURVE_ATTACK_S5","value":7.119}],"level":72},"73":{"curveInfos":[{"arith":"ARITH_MULTI","type":"GROW_CURVE_HP_S4","value":6.945},{"arith":"ARITH_MULTI","type":"GROW_CURVE_ATTACK_S4","value":6.945},{"arith":"ARITH_MULTI","type":"GROW_CURVE_HP_S5","value":7.208},{"arith":"ARITH_MULTI","type":"GROW_CURVE_ATTACK_S5","value":7.208}],"level":73},"74":{"curveInfos":[{"arith":"ARITH_MULTI","type":"GROW_CURVE_HP_S4","value":7.028},{"arith":"ARITH_MULTI","type":"GROW_CURVE_ATTACK_S4","value":7.028},{"arith":"ARITH_MULTI","type":"GROW_CURVE_HP_S5","value":7.297},{"arith":"ARITH_MULTI","type":"GROW_CURVE_ATTACK_S5","value":7.297}],"level":74},"75":{"curveInfos":[{"arith":"ARITH_MULTI","type":"GROW_CURVE_HP_S4","value":7.11},{"arith":"ARITH_MULTI","type":"GROW_CURVE_ATTACK_S4","value":7.11},{"arith":"ARITH_MULTI","type":"GROW_CURVE_HP_S5","value":7.387},{"arith":"ARITH_MULTI","type":"GROW_CURVE_ATTACK_S5","value":7.387}],"level":75},"76":{"curveInfos":[{"arith":"ARITH_MULTI","type":"GROW_CURVE_HP_S4","value":7.193},{"arith":"ARITH_MULTI","type":"GROW_CURVE_ATTACK_S4","value":7.193},{"arith":"ARITH_MULTI","type":"GROW_CURVE_HP_S5","value":7.476},{"arith":"ARITH_MULTI","type":"GROW_CURVE_ATTACK_S5","value":7.476}],"level":76},"77":{"curveInfos":[{"arith":"ARITH_MULTI","type":"GROW_CURVE_HP_S4","value":7.275},{"arith":"ARITH_MULTI","type":"GROW_CURVE_ATTACK_S4","value":7.275},{"arith":"ARITH_MULTI","type":"GROW_CURVE_HP_S5","value":7.566},{"arith":"ARITH_MULTI","type":"GROW_CURVE_ATTACK_S5","value":7.566}],"level":77},"78":{"curveInfos":[{"arith":"ARITH_MULTI","type":"GROW_CURVE_HP_S4","value":7.358},{"arith":"ARITH_MULTI","type":"GROW_CURVE_ATTACK_S4","value":7.358},{"arith":"ARITH_MULTI","type":"GROW_CURVE_HP_S5","value":7.656},{"arith":"ARITH_MULTI","type":"GROW_CURVE_ATTACK_S5","value":7.656}],"level":78},"79":{"curveInfos":[{"arith":"ARITH_MULTI","type":"GROW_CURVE_HP_S4","value":7.44},{"arith":"ARITH_MULTI","type":"GROW_CURVE_ATTACK_S4","value":7.44},{"arith":"ARITH_MULTI","type":"GROW_CURVE_HP_S5","value":7.746},{"arith":"ARITH_MULTI","type":"GROW_CURVE_ATTACK_S5","value":7.746}],"level":79},"80":{"curveInfos":[{"arith":"ARITH_MULTI","type":"GROW_CURVE_HP_S4","value":7.523},{"arith":"ARITH_MULTI","type":"GROW_CURVE_ATTACK_S4","value":7.523},{"arith":"ARITH_MULTI","type":"GROW_CURVE_HP_S5","value":7.836},{"arith":"ARITH_MULTI","type":"GROW_CURVE_ATTACK_S5","value":7.836}],"level":80},"81":{"curveInfos":[{"arith":"ARITH_MULTI","type":"GROW_CURVE_HP_S4","value":7.606},{"arith":"ARITH_MULTI","type":"GROW_CURVE_ATTACK_S4","value":7.606},{"arith":"ARITH_MULTI","type":"GROW_CURVE_HP_S5","value":7.926},{"arith":"ARITH_MULTI","type":"GROW_CURVE_ATTACK_S5","value":7.926}],"level":81},"82":{"curveInfos":[{"arith":"ARITH_MULTI","type":"GROW_CURVE_HP_S4","value":7.688},{"arith":"ARITH_MULTI","type":"GROW_CURVE_ATTACK_S4","value":7.688},{"arith":"ARITH_MULTI","type":"GROW_CURVE_HP_S5","value":8.016},{"arith":"ARITH_MULTI","type":"GROW_CURVE_ATTACK_S5","value":8.016}],"level":82},"83":{"curveInfos":[{"arith":"ARITH_MULTI","type":"GROW_CURVE_HP_S4","value":7.771},{"arith":"ARITH_MULTI","type":"GROW_CURVE_ATTACK_S4","value":7.771},{"arith":"ARITH_MULTI","type":"GROW_CURVE_HP_S5","value":8.106},{"arith":"ARITH_MULTI","type":"GROW_CURVE_ATTACK_S5","value":8.106}],"level":83},"84":{"curveInfos":[{"arith":"ARITH_MULTI","type":"GROW_CURVE_HP_S4","value":7.853},{"arith":"ARITH_MULTI","type":"GROW_CURVE_ATTACK_S4","value":7.853},{"arith":"ARITH_MULTI","type":"GROW_CURVE_HP_S5","value":8.196},{"arith":"ARITH_MULTI","type":"GROW_CURVE_ATTACK_S5","value":8.196}],"level":84},"85":{"curveInfos":[{"arith":"ARITH_MULTI","type":"GROW_CURVE_HP_S4","value":7.936},{"arith":"ARITH_MULTI","type":"GROW_CURVE_ATTACK_S4","value":7.936},{"arith":"ARITH_MULTI","type":"GROW_CURVE_HP_S5","value":8.286},{"arith":"ARITH_MULTI","type":"GROW_CURVE_ATTACK_S5","value":8.286}],"level":85},"86":{"curveInfos":[{"arith":"ARITH_MULTI","type":"GROW_CURVE_HP_S4","value":8.018},{"arith":"ARITH_MULTI","type":"GROW_CURVE_ATTACK_S4","value":8.018},{"arith":"ARITH_MULTI","type":"GROW_CURVE_HP_S5","value":8.377},{"arith":"ARITH_MULTI","type":"GROW_CURVE_ATTACK_S5","value":8.377}],"level":86},"87":{"curveInfos":[{"arith":"ARITH_MULTI","type":"GROW_CURVE_HP_S4","value":8.101},{"arith":"ARITH_MULTI","type":"GROW_CURVE_ATTACK_S4","value":8.101},{"arith":"ARITH_MULTI","type":"GROW_CURVE_HP_S5","value":8.467},{"arith":"ARITH_MULTI","type":"GROW_CURVE_ATTACK_S5","value":8.467}],"level":87},"88":{"curveInfos":[{"arith":"ARITH_MULTI","type":"GROW_CURVE_HP_S4","value":8.183},{"arith":"ARITH_MULTI","type":"GROW_CURVE_ATTACK_S4","value":8.183},{"arith":"ARITH_MULTI","type":"GROW_CURVE_HP_S5","value":8.558},{"arith":"ARITH_MULTI","type":"GROW_CURVE_ATTACK_S5","value":8.558}],"level":88},"89":{"curveInfos":[{"arith":"ARITH_MULTI","type":"GROW_CURVE_HP_S4","value":8.266},{"arith":"ARITH_MULTI","type":"GROW_CURVE_ATTACK_S4","value":8.266},{"arith":"ARITH_MULTI","type":"GROW_CURVE_HP_S5","value":8.649},{"arith":"ARITH_MULTI","type":"GROW_CURVE_ATTACK_S5","value":8.649}],"level":89},"90":{"curveInfos":[{"arith":"ARITH_MULTI","type":"GROW_CURVE_HP_S4","value":8.349},{"arith":"ARITH_MULTI","type":"GROW_CURVE_ATTACK_S4","value":8.349},{"arith":"ARITH_MULTI","type":"GROW_CURVE_HP_S5","value":8.739},{"arith":"ARITH_MULTI","type":"GROW_CURVE_ATTACK_S5","value":8.739}],"level":90},"91":{"curveInfos":[{"arith":"ARITH_MULTI","type":"GROW_CURVE_HP_S4","value":8.431},{"arith":"ARITH_MULTI","type":"GROW_CURVE_ATTACK_S4","value":8.653},{"arith":"ARITH_MULTI","type":"GROW_CURVE_HP_S5","value":8.83},{"arith":"ARITH_MULTI","type":"GROW_CURVE_ATTACK_S5","value":9.028}],"level":91},"92":{"curveInfos":[{"arith":"ARITH_MULTI","type":"GROW_CURVE_HP_S4","value":8.514},{"arith":"ARITH_MULTI","type":"GROW_CURVE_ATTACK_S4","value":8.957},{"arith":"ARITH_MULTI","type":"GROW_CURVE_HP_S5","value":8.921},{"arith":"ARITH_MULTI","type":"GROW_CURVE_ATTACK_S5","value":9.317}],"level":92},"93":{"curveInfos":[{"arith":"ARITH_MULTI","type":"GROW_CURVE_HP_S4","value":8.596},{"arith":"ARITH_MULTI","type":"GROW_CURVE_ATTACK_S4","value":9.262},{"arith":"ARITH_MULTI","type":"GROW_CURVE_HP_S5","value":9.012},{"arith":"ARITH_MULTI","type":"GROW_CURVE_ATTACK_S5","value":9.606}],"level":93},"94":{"curveInfos":[{"arith":"ARITH_MULTI","type":"GROW_CURVE_HP_S4","value":8.679},{"arith":"ARITH_MULTI","type":"GROW_CURVE_ATTACK_S4","value":9.566},{"arith":"ARITH_MULTI","type":"GROW_CURVE_HP_S5","value":9.103},{"arith":"ARITH_MULTI","type":"GROW_CURVE_ATTACK_S5","value":9.895}],"level":94},"95":{"curveInfos":[{"arith":"ARITH_MULTI","type":"GROW_CURVE_HP_S4","value":8.761},{"arith":"ARITH_MULTI","type":"GROW_CURVE_ATTACK_S4","value":9.87},{"arith":"ARITH_MULTI","type":"GROW_CURVE_HP_S5","value":9.195},{"arith":"ARITH_MULTI","type":"GROW_CURVE_ATTACK_S5","value":10.184}],"level":95},"96":{"curveInfos":[{"arith":"ARITH_MULTI","type":"GROW_CURVE_HP_S4","value":8.844},{"arith":"ARITH_MULTI","type":"GROW_CURVE_ATTACK_S4","value":10.174},{"arith":"ARITH_MULTI","type":"GROW_CURVE_HP_S5","value":9.286},{"arith":"ARITH_MULTI","type":"GROW_CURVE_ATTACK_S5","value":10.473}],"level":96},"97":{"curveInfos":[{"arith":"ARITH_MULTI","type":"GROW_CURVE_HP_S4","value":8.927},{"arith":"ARITH_MULTI","type":"GROW_CURVE_ATTACK_S4","value":10.479},{"arith":"ARITH_MULTI","type":"GROW_CURVE_HP_S5","value":9.377},{"arith":"ARITH_MULTI","type":"GROW_CURVE_ATTACK_S5","value":10.762}],"level":97},"98":{"curveInfos":[{"arith":"ARITH_MULTI","type":"GROW_CURVE_HP_S4","value":9.009},{"arith":"ARITH_MULTI","type":"GROW_CURVE_ATTACK_S4","value":10.783},{"arith":"ARITH_MULTI","type":"GROW_CURVE_HP_S5","value":9.469},{"arith":"ARITH_MULTI","type":"GROW_CURVE_ATTACK_S5","value":11.051}],"level":98},"99":{"curveInfos":[{"arith":"ARITH_MULTI","type":"GROW_CURVE_HP_S4","value":9.092},{"arith":"ARITH_MULTI","type":"GROW_CURVE_ATTACK_S4","value":11.087},{"arith":"ARITH_MULTI","type":"GROW_CURVE_HP_S5","value":9.56},{"arith":"ARITH_MULTI","type":"GROW_CURVE_ATTACK_S5","value":11.34}],"level":99},"100":{"curveInfos":[{"arith":"ARITH_MULTI","type":"GROW_CURVE_HP_S4","value":9.174},{"arith":"ARITH_MULTI","type":"GROW_CURVE_ATTACK_S4","value":11.392},{"arith":"ARITH_MULTI","type":"GROW_CURVE_HP_S5","value":9.652},{"arith":"ARITH_MULTI","type":"GROW_CURVE_ATTACK_S5","value":11.629}],"level":100}}