{"101021":{"depotId":101,"groupId":2,"id":101021,"propType":"FIGHT_PROP_HP","propValue":23.9},"101022":{"depotId":101,"groupId":2,"id":101022,"propType":"FIGHT_PROP_HP","propValue":29.88},"101031":{"depotId":101,"groupId":3,"id":101031,"propType":"FIGHT_PROP_HP_PERCENT","propValue":0.0117},"101032":{"depotId":101,"groupId":3,"id":101032,"propType":"FIGHT_PROP_HP_PERCENT","propValue":0.0146},"101051":{"depotId":101,"groupId":5,"id":101051,"propType":"FIGHT_PROP_ATTACK","propValue":1.56},"101052":{"depotId":101,"groupId":5,"id":101052,"propType":"FIGHT_PROP_ATTACK","propValue":1.95},"101061":{"depotId":101,"groupId":6,"id":101061,"propType":"FIGHT_PROP_ATTACK_PERCENT","propValue":0.0117},"101062":{"depotId":101,"groupId":6,"id":101062,"propType":"FIGHT_PROP_ATTACK_PERCENT","propValue":0.0146},"101081":{"depotId":101,"groupId":8,"id":101081,"propType":"FIGHT_PROP_DEFENSE","propValue":1.85},"101082":{"depotId":101,"groupId":8,"id":101082,"propType":"FIGHT_PROP_DEFENSE","propValue":2.31},"101091":{"depotId":101,"groupId":9,"id":101091,"propType":"FIGHT_PROP_DEFENSE_PERCENT","propValue":0.0146},"101092":{"depotId":101,"groupId":9,"id":101092,"propType":"FIGHT_PROP_DEFENSE_PERCENT","propValue":0.0182},"101201":{"depotId":101,"groupId":20,"id":101201,"propType":"FIGHT_PROP_CRITICAL","propValue":0.0078},"101202":{"depotId":101,"groupId":20,"id":101202,"propType":"FIGHT_PROP_CRITICAL","propValue":0.0097},"101221":{"depotId":101,"groupId":22,"id":101221,"propType":"FIGHT_PROP_CRITICAL_HURT","propValue":0.0155},"101222":{"depotId":101,"groupId":22,"id":101222,"propType":"FIGHT_PROP_CRITICAL_HURT","propValue":0.0194},"101231":{"depotId":101,"groupId":23,"id":101231,"propType":"FIGHT_PROP_CHARGE_EFFICIENCY","propValue":0.013},"101232":{"depotId":101,"groupId":23,"id":101232,"propType":"FIGHT_PROP_CHARGE_EFFICIENCY","propValue":0.0162},"101241":{"depotId":101,"groupId":24,"id":101241,"propType":"FIGHT_PROP_ELEMENT_MASTERY","propValue":4.66},"101242":{"depotId":101,"groupId":24,"id":101242,"propType":"FIGHT_PROP_ELEMENT_MASTERY","propValue":5.83},"201021":{"depotId":201,"groupId":2,"id":201021,"propType":"FIGHT_PROP_HP","propValue":50.19},"201022":{"depotId":201,"groupId":2,"id":201022,"propType":"FIGHT_PROP_HP","propValue":60.95},"201023":{"depotId":201,"groupId":2,"id":201023,"propType":"FIGHT_PROP_HP","propValue":71.7},"201031":{"depotId":201,"groupId":3,"id":201031,"propType":"FIGHT_PROP_HP_PERCENT","propValue":0.0163},"201032":{"depotId":201,"groupId":3,"id":201032,"propType":"FIGHT_PROP_HP_PERCENT","propValue":0.0198},"201033":{"depotId":201,"groupId":3,"id":201033,"propType":"FIGHT_PROP_HP_PERCENT","propValue":0.0233},"201051":{"depotId":201,"groupId":5,"id":201051,"propType":"FIGHT_PROP_ATTACK","propValue":3.27},"201052":{"depotId":201,"groupId":5,"id":201052,"propType":"FIGHT_PROP_ATTACK","propValue":3.97},"201053":{"depotId":201,"groupId":5,"id":201053,"propType":"FIGHT_PROP_ATTACK","propValue":4.67},"201061":{"depotId":201,"groupId":6,"id":201061,"propType":"FIGHT_PROP_ATTACK_PERCENT","propValue":0.0163},"201062":{"depotId":201,"groupId":6,"id":201062,"propType":"FIGHT_PROP_ATTACK_PERCENT","propValue":0.0198},"201063":{"depotId":201,"groupId":6,"id":201063,"propType":"FIGHT_PROP_ATTACK_PERCENT","propValue":0.0233},"201081":{"depotId":201,"groupId":8,"id":201081,"propType":"FIGHT_PROP_DEFENSE","propValue":3.89},"201082":{"depotId":201,"groupId":8,"id":201082,"propType":"FIGHT_PROP_DEFENSE","propValue":4.72},"201083":{"depotId":201,"groupId":8,"id":201083,"propType":"FIGHT_PROP_DEFENSE","propValue":5.56},"201091":{"depotId":201,"groupId":9,"id":201091,"propType":"FIGHT_PROP_DEFENSE_PERCENT","propValue":0.0204},"201092":{"depotId":201,"groupId":9,"id":201092,"propType":"FIGHT_PROP_DEFENSE_PERCENT","propValue":0.0248},"201093":{"depotId":201,"groupId":9,"id":201093,"propType":"FIGHT_PROP_DEFENSE_PERCENT","propValue":0.0291},"201201":{"depotId":201,"groupId":20,"id":201201,"propType":"FIGHT_PROP_CRITICAL","propValue":0.0109},"201202":{"depotId":201,"groupId":20,"id":201202,"propType":"FIGHT_PROP_CRITICAL","propValue":0.0132},"201203":{"depotId":201,"groupId":20,"id":201203,"propType":"FIGHT_PROP_CRITICAL","propValue":0.0155},"201221":{"depotId":201,"groupId":22,"id":201221,"propType":"FIGHT_PROP_CRITICAL_HURT","propValue":0.0218},"201222":{"depotId":201,"groupId":22,"id":201222,"propType":"FIGHT_PROP_CRITICAL_HURT","propValue":0.0264},"201223":{"depotId":201,"groupId":22,"id":201223,"propType":"FIGHT_PROP_CRITICAL_HURT","propValue":0.0311},"201231":{"depotId":201,"groupId":23,"id":201231,"propType":"FIGHT_PROP_CHARGE_EFFICIENCY","propValue":0.0181},"201232":{"depotId":201,"groupId":23,"id":201232,"propType":"FIGHT_PROP_CHARGE_EFFICIENCY","propValue":0.022},"201233":{"depotId":201,"groupId":23,"id":201233,"propType":"FIGHT_PROP_CHARGE_EFFICIENCY","propValue":0.0259},"201241":{"depotId":201,"groupId":24,"id":201241,"propType":"FIGHT_PROP_ELEMENT_MASTERY","propValue":6.53},"201242":{"depotId":201,"groupId":24,"id":201242,"propType":"FIGHT_PROP_ELEMENT_MASTERY","propValue":7.93},"201243":{"depotId":201,"groupId":24,"id":201243,"propType":"FIGHT_PROP_ELEMENT_MASTERY","propValue":9.33},"301021":{"depotId":301,"groupId":2,"id":301021,"propType":"FIGHT_PROP_HP","propValue":100.38},"301022":{"depotId":301,"groupId":2,"id":301022,"propType":"FIGHT_PROP_HP","propValue":114.72},"301023":{"depotId":301,"groupId":2,"id":301023,"propType":"FIGHT_PROP_HP","propValue":129.06},"301024":{"depotId":301,"groupId":2,"id":301024,"propType":"FIGHT_PROP_HP","propValue":143.4},"301031":{"depotId":301,"groupId":3,"id":301031,"propType":"FIGHT_PROP_HP_PERCENT","propValue":0.0245},"301032":{"depotId":301,"groupId":3,"id":301032,"propType":"FIGHT_PROP_HP_PERCENT","propValue":0.028},"301033":{"depotId":301,"groupId":3,"id":301033,"propType":"FIGHT_PROP_HP_PERCENT","propValue":0.0315},"301034":{"depotId":301,"groupId":3,"id":301034,"propType":"FIGHT_PROP_HP_PERCENT","propValue":0.035},"301051":{"depotId":301,"groupId":5,"id":301051,"propType":"FIGHT_PROP_ATTACK","propValue":6.54},"301052":{"depotId":301,"groupId":5,"id":301052,"propType":"FIGHT_PROP_ATTACK","propValue":7.47},"301053":{"depotId":301,"groupId":5,"id":301053,"propType":"FIGHT_PROP_ATTACK","propValue":8.4},"301054":{"depotId":301,"groupId":5,"id":301054,"propType":"FIGHT_PROP_ATTACK","propValue":9.34},"301061":{"depotId":301,"groupId":6,"id":301061,"propType":"FIGHT_PROP_ATTACK_PERCENT","propValue":0.0245},"301062":{"depotId":301,"groupId":6,"id":301062,"propType":"FIGHT_PROP_ATTACK_PERCENT","propValue":0.028},"301063":{"depotId":301,"groupId":6,"id":301063,"propType":"FIGHT_PROP_ATTACK_PERCENT","propValue":0.0315},"301064":{"depotId":301,"groupId":6,"id":301064,"propType":"FIGHT_PROP_ATTACK_PERCENT","propValue":0.035},"301081":{"depotId":301,"groupId":8,"id":301081,"propType":"FIGHT_PROP_DEFENSE","propValue":7.78},"301082":{"depotId":301,"groupId":8,"id":301082,"propType":"FIGHT_PROP_DEFENSE","propValue":8.89},"301083":{"depotId":301,"groupId":8,"id":301083,"propType":"FIGHT_PROP_DEFENSE","propValue":10},"301084":{"depotId":301,"groupId":8,"id":301084,"propType":"FIGHT_PROP_DEFENSE","propValue":11.11},"301091":{"depotId":301,"groupId":9,"id":301091,"propType":"FIGHT_PROP_DEFENSE_PERCENT","propValue":0.0306},"301092":{"depotId":301,"groupId":9,"id":301092,"propType":"FIGHT_PROP_DEFENSE_PERCENT","propValue":0.035},"301093":{"depotId":301,"groupId":9,"id":301093,"propType":"FIGHT_PROP_DEFENSE_PERCENT","propValue":0.0393},"301094":{"depotId":301,"groupId":9,"id":301094,"propType":"FIGHT_PROP_DEFENSE_PERCENT","propValue":0.0437},"301201":{"depotId":301,"groupId":20,"id":301201,"propType":"FIGHT_PROP_CRITICAL","propValue":0.0163},"301202":{"depotId":301,"groupId":20,"id":301202,"propType":"FIGHT_PROP_CRITICAL","propValue":0.0186},"301203":{"depotId":301,"groupId":20,"id":301203,"propType":"FIGHT_PROP_CRITICAL","propValue":0.021},"301204":{"depotId":301,"groupId":20,"id":301204,"propType":"FIGHT_PROP_CRITICAL","propValue":0.0233},"301221":{"depotId":301,"groupId":22,"id":301221,"propType":"FIGHT_PROP_CRITICAL_HURT","propValue":0.0326},"301222":{"depotId":301,"groupId":22,"id":301222,"propType":"FIGHT_PROP_CRITICAL_HURT","propValue":0.0373},"301223":{"depotId":301,"groupId":22,"id":301223,"propType":"FIGHT_PROP_CRITICAL_HURT","propValue":0.042},"301224":{"depotId":301,"groupId":22,"id":301224,"propType":"FIGHT_PROP_CRITICAL_HURT","propValue":0.0466},"301231":{"depotId":301,"groupId":23,"id":301231,"propType":"FIGHT_PROP_CHARGE_EFFICIENCY","propValue":0.0272},"301232":{"depotId":301,"groupId":23,"id":301232,"propType":"FIGHT_PROP_CHARGE_EFFICIENCY","propValue":0.0311},"301233":{"depotId":301,"groupId":23,"id":301233,"propType":"FIGHT_PROP_CHARGE_EFFICIENCY","propValue":0.035},"301234":{"depotId":301,"groupId":23,"id":301234,"propType":"FIGHT_PROP_CHARGE_EFFICIENCY","propValue":0.0389},"301241":{"depotId":301,"groupId":24,"id":301241,"propType":"FIGHT_PROP_ELEMENT_MASTERY","propValue":9.79},"301242":{"depotId":301,"groupId":24,"id":301242,"propType":"FIGHT_PROP_ELEMENT_MASTERY","propValue":11.19},"301243":{"depotId":301,"groupId":24,"id":301243,"propType":"FIGHT_PROP_ELEMENT_MASTERY","propValue":12.59},"301244":{"depotId":301,"groupId":24,"id":301244,"propType":"FIGHT_PROP_ELEMENT_MASTERY","propValue":13.99},"401021":{"depotId":401,"groupId":2,"id":401021,"propType":"FIGHT_PROP_HP","propValue":167.3},"401022":{"depotId":401,"groupId":2,"id":401022,"propType":"FIGHT_PROP_HP","propValue":191.2},"401023":{"depotId":401,"groupId":2,"id":401023,"propType":"FIGHT_PROP_HP","propValue":215.1},"401024":{"depotId":401,"groupId":2,"id":401024,"propType":"FIGHT_PROP_HP","propValue":239},"401031":{"depotId":401,"groupId":3,"id":401031,"propType":"FIGHT_PROP_HP_PERCENT","propValue":0.0326},"401032":{"depotId":401,"groupId":3,"id":401032,"propType":"FIGHT_PROP_HP_PERCENT","propValue":0.0373},"401033":{"depotId":401,"groupId":3,"id":401033,"propType":"FIGHT_PROP_HP_PERCENT","propValue":0.042},"401034":{"depotId":401,"groupId":3,"id":401034,"propType":"FIGHT_PROP_HP_PERCENT","propValue":0.0466},"401051":{"depotId":401,"groupId":5,"id":401051,"propType":"FIGHT_PROP_ATTACK","propValue":10.89},"401052":{"depotId":401,"groupId":5,"id":401052,"propType":"FIGHT_PROP_ATTACK","propValue":12.45},"401053":{"depotId":401,"groupId":5,"id":401053,"propType":"FIGHT_PROP_ATTACK","propValue":14},"401054":{"depotId":401,"groupId":5,"id":401054,"propType":"FIGHT_PROP_ATTACK","propValue":15.56},"401061":{"depotId":401,"groupId":6,"id":401061,"propType":"FIGHT_PROP_ATTACK_PERCENT","propValue":0.0326},"401062":{"depotId":401,"groupId":6,"id":401062,"propType":"FIGHT_PROP_ATTACK_PERCENT","propValue":0.0373},"401063":{"depotId":401,"groupId":6,"id":401063,"propType":"FIGHT_PROP_ATTACK_PERCENT","propValue":0.042},"401064":{"depotId":401,"groupId":6,"id":401064,"propType":"FIGHT_PROP_ATTACK_PERCENT","propValue":0.0466},"401081":{"depotId":401,"groupId":8,"id":401081,"propType":"FIGHT_PROP_DEFENSE","propValue":12.96},"401082":{"depotId":401,"groupId":8,"id":401082,"propType":"FIGHT_PROP_DEFENSE","propValue":14.82},"401083":{"depotId":401,"groupId":8,"id":401083,"propType":"FIGHT_PROP_DEFENSE","propValue":16.67},"401084":{"depotId":401,"groupId":8,"id":401084,"propType":"FIGHT_PROP_DEFENSE","propValue":18.52},"401091":{"depotId":401,"groupId":9,"id":401091,"propType":"FIGHT_PROP_DEFENSE_PERCENT","propValue":0.0408},"401092":{"depotId":401,"groupId":9,"id":401092,"propType":"FIGHT_PROP_DEFENSE_PERCENT","propValue":0.0466},"401093":{"depotId":401,"groupId":9,"id":401093,"propType":"FIGHT_PROP_DEFENSE_PERCENT","propValue":0.0525},"401094":{"depotId":401,"groupId":9,"id":401094,"propType":"FIGHT_PROP_DEFENSE_PERCENT","propValue":0.0583},"401201":{"depotId":401,"groupId":20,"id":401201,"propType":"FIGHT_PROP_CRITICAL","propValue":0.0218},"401202":{"depotId":401,"groupId":20,"id":401202,"propType":"FIGHT_PROP_CRITICAL","propValue":0.0249},"401203":{"depotId":401,"groupId":20,"id":401203,"propType":"FIGHT_PROP_CRITICAL","propValue":0.028},"401204":{"depotId":401,"groupId":20,"id":401204,"propType":"FIGHT_PROP_CRITICAL","propValue":0.0311},"401221":{"depotId":401,"groupId":22,"id":401221,"propType":"FIGHT_PROP_CRITICAL_HURT","propValue":0.0435},"401222":{"depotId":401,"groupId":22,"id":401222,"propType":"FIGHT_PROP_CRITICAL_HURT","propValue":0.0497},"401223":{"depotId":401,"groupId":22,"id":401223,"propType":"FIGHT_PROP_CRITICAL_HURT","propValue":0.056},"401224":{"depotId":401,"groupId":22,"id":401224,"propType":"FIGHT_PROP_CRITICAL_HURT","propValue":0.0622},"401231":{"depotId":401,"groupId":23,"id":401231,"propType":"FIGHT_PROP_CHARGE_EFFICIENCY","propValue":0.0363},"401232":{"depotId":401,"groupId":23,"id":401232,"propType":"FIGHT_PROP_CHARGE_EFFICIENCY","propValue":0.0414},"401233":{"depotId":401,"groupId":23,"id":401233,"propType":"FIGHT_PROP_CHARGE_EFFICIENCY","propValue":0.0466},"401234":{"depotId":401,"groupId":23,"id":401234,"propType":"FIGHT_PROP_CHARGE_EFFICIENCY","propValue":0.0518},"401241":{"depotId":401,"groupId":24,"id":401241,"propType":"FIGHT_PROP_ELEMENT_MASTERY","propValue":13.06},"401242":{"depotId":401,"groupId":24,"id":401242,"propType":"FIGHT_PROP_ELEMENT_MASTERY","propValue":14.92},"401243":{"depotId":401,"groupId":24,"id":401243,"propType":"FIGHT_PROP_ELEMENT_MASTERY","propValue":16.79},"401244":{"depotId":401,"groupId":24,"id":401244,"propType":"FIGHT_PROP_ELEMENT_MASTERY","propValue":18.65},"501021":{"depotId":501,"groupId":2,"id":501021,"propType":"FIGHT_PROP_HP","propValue":209.13},"501022":{"depotId":501,"groupId":2,"id":501022,"propType":"FIGHT_PROP_HP","propValue":239},"501023":{"depotId":501,"groupId":2,"id":501023,"propType":"FIGHT_PROP_HP","propValue":268.88},"501024":{"depotId":501,"groupId":2,"id":501024,"propType":"FIGHT_PROP_HP","propValue":298.75},"501031":{"depotId":501,"groupId":3,"id":501031,"propType":"FIGHT_PROP_HP_PERCENT","propValue":0.0408},"501032":{"depotId":501,"groupId":3,"id":501032,"propType":"FIGHT_PROP_HP_PERCENT","propValue":0.0466},"501033":{"depotId":501,"groupId":3,"id":501033,"propType":"FIGHT_PROP_HP_PERCENT","propValue":0.0525},"501034":{"depotId":501,"groupId":3,"id":501034,"propType":"FIGHT_PROP_HP_PERCENT","propValue":0.0583},"501051":{"depotId":501,"groupId":5,"id":501051,"propType":"FIGHT_PROP_ATTACK","propValue":13.62},"501052":{"depotId":501,"groupId":5,"id":501052,"propType":"FIGHT_PROP_ATTACK","propValue":15.56},"501053":{"depotId":501,"groupId":5,"id":501053,"propType":"FIGHT_PROP_ATTACK","propValue":17.51},"501054":{"depotId":501,"groupId":5,"id":501054,"propType":"FIGHT_PROP_ATTACK","propValue":19.45},"501061":{"depotId":501,"groupId":6,"id":501061,"propType":"FIGHT_PROP_ATTACK_PERCENT","propValue":0.0408},"501062":{"depotId":501,"groupId":6,"id":501062,"propType":"FIGHT_PROP_ATTACK_PERCENT","propValue":0.0466},"501063":{"depotId":501,"groupId":6,"id":501063,"propType":"FIGHT_PROP_ATTACK_PERCENT","propValue":0.0525},"501064":{"depotId":501,"groupId":6,"id":501064,"propType":"FIGHT_PROP_ATTACK_PERCENT","propValue":0.0583},"501081":{"depotId":501,"groupId":8,"id":501081,"propType":"FIGHT_PROP_DEFENSE","propValue":16.2},"501082":{"depotId":501,"groupId":8,"id":501082,"propType":"FIGHT_PROP_DEFENSE","propValue":18.52},"501083":{"depotId":501,"groupId":8,"id":501083,"propType":"FIGHT_PROP_DEFENSE","propValue":20.83},"501084":{"depotId":501,"groupId":8,"id":501084,"propType":"FIGHT_PROP_DEFENSE","propValue":23.15},"501091":{"depotId":501,"groupId":9,"id":501091,"propType":"FIGHT_PROP_DEFENSE_PERCENT","propValue":0.051},"501092":{"depotId":501,"groupId":9,"id":501092,"propType":"FIGHT_PROP_DEFENSE_PERCENT","propValue":0.0583},"501093":{"depotId":501,"groupId":9,"id":501093,"propType":"FIGHT_PROP_DEFENSE_PERCENT","propValue":0.0656},"501094":{"depotId":501,"groupId":9,"id":501094,"propType":"FIGHT_PROP_DEFENSE_PERCENT","propValue":0.0729},"501201":{"depotId":501,"groupId":20,"id":501201,"propType":"FIGHT_PROP_CRITICAL","propValue":0.0272},"501202":{"depotId":501,"groupId":20,"id":501202,"propType":"FIGHT_PROP_CRITICAL","propValue":0.0311},"501203":{"depotId":501,"groupId":20,"id":501203,"propType":"FIGHT_PROP_CRITICAL","propValue":0.035},"501204":{"depotId":501,"groupId":20,"id":501204,"propType":"FIGHT_PROP_CRITICAL","propValue":0.0389},"501221":{"depotId":501,"groupId":22,"id":501221,"propType":"FIGHT_PROP_CRITICAL_HURT","propValue":0.0544},"501222":{"depotId":501,"groupId":22,"id":501222,"propType":"FIGHT_PROP_CRITICAL_HURT","propValue":0.0622},"501223":{"depotId":501,"groupId":22,"id":501223,"propType":"FIGHT_PROP_CRITICAL_HURT","propValue":0.0699},"501224":{"depotId":501,"groupId":22,"id":501224,"propType":"FIGHT_PROP_CRITICAL_HURT","propValue":0.0777},"501231":{"depotId":501,"groupId":23,"id":501231,"propType":"FIGHT_PROP_CHARGE_EFFICIENCY","propValue":0.0453},"501232":{"depotId":501,"groupId":23,"id":501232,"propType":"FIGHT_PROP_CHARGE_EFFICIENCY","propValue":0.0518},"501233":{"depotId":501,"groupId":23,"id":501233,"propType":"FIGHT_PROP_CHARGE_EFFICIENCY","propValue":0.0583},"501234":{"depotId":501,"groupId":23,"id":501234,"propType":"FIGHT_PROP_CHARGE_EFFICIENCY","propValue":0.0648},"501241":{"depotId":501,"groupId":24,"id":501241,"propType":"FIGHT_PROP_ELEMENT_MASTERY","propValue":16.32},"501242":{"depotId":501,"groupId":24,"id":501242,"propType":"FIGHT_PROP_ELEMENT_MASTERY","propValue":18.65},"501243":{"depotId":501,"groupId":24,"id":501243,"propType":"FIGHT_PROP_ELEMENT_MASTERY","propValue":20.98},"501244":{"depotId":501,"groupId":24,"id":501244,"propType":"FIGHT_PROP_ELEMENT_MASTERY","propValue":23.31},"941001":{"depotId":941,"groupId":3,"id":941001,"propType":"FIGHT_PROP_HP_PERCENT","propValue":0.0932},"941002":{"depotId":941,"groupId":6,"id":941002,"propType":"FIGHT_PROP_ATTACK_PERCENT","propValue":0.0932},"941003":{"depotId":941,"groupId":9,"id":941003,"propType":"FIGHT_PROP_DEFENSE_PERCENT","propValue":0.1166},"941004":{"depotId":941,"groupId":20,"id":941004,"propType":"FIGHT_PROP_CRITICAL","propValue":0.0622},"941005":{"depotId":941,"groupId":23,"id":941005,"propType":"FIGHT_PROP_CHARGE_EFFICIENCY","propValue":0.1036},"941006":{"depotId":941,"groupId":25,"id":941006,"propType":"FIGHT_PROP_ELEMENT_MASTERY","propValue":37.3},"941007":{"depotId":941,"groupId":22,"id":941007,"propType":"FIGHT_PROP_CRITICAL_HURT","propValue":0.1243},"942001":{"depotId":942,"groupId":3,"id":942001,"propType":"FIGHT_PROP_HP_PERCENT","propValue":0.0932},"942002":{"depotId":942,"groupId":6,"id":942002,"propType":"FIGHT_PROP_ATTACK_PERCENT","propValue":0.0932},"942003":{"depotId":942,"groupId":9,"id":942003,"propType":"FIGHT_PROP_DEFENSE_PERCENT","propValue":0.1166},"942004":{"depotId":942,"groupId":20,"id":942004,"propType":"FIGHT_PROP_CRITICAL","propValue":0.0622},"942005":{"depotId":942,"groupId":23,"id":942005,"propType":"FIGHT_PROP_CHARGE_EFFICIENCY","propValue":0.1036},"942006":{"depotId":942,"groupId":25,"id":942006,"propType":"FIGHT_PROP_ELEMENT_MASTERY","propValue":37.3},"942007":{"depotId":942,"groupId":22,"id":942007,"propType":"FIGHT_PROP_CRITICAL_HURT","propValue":0.1243},"943001":{"depotId":943,"groupId":3,"id":943001,"propType":"FIGHT_PROP_HP_PERCENT","propValue":0.0932},"943002":{"depotId":943,"groupId":6,"id":943002,"propType":"FIGHT_PROP_ATTACK_PERCENT","propValue":0.0932},"943003":{"depotId":943,"groupId":9,"id":943003,"propType":"FIGHT_PROP_DEFENSE_PERCENT","propValue":0.1166},"943004":{"depotId":943,"groupId":20,"id":943004,"propType":"FIGHT_PROP_CRITICAL","propValue":0.0622},"943005":{"depotId":943,"groupId":23,"id":943005,"propType":"FIGHT_PROP_CHARGE_EFFICIENCY","propValue":0.1036},"943006":{"depotId":943,"groupId":25,"id":943006,"propType":"FIGHT_PROP_ELEMENT_MASTERY","propValue":37.3},"943007":{"depotId":943,"groupId":22,"id":943007,"propType":"FIGHT_PROP_CRITICAL_HURT","propValue":0.1243},"946001":{"depotId":946,"groupId":3,"id":946001,"propType":"FIGHT_PROP_HP_PERCENT","propValue":0.0932},"946002":{"depotId":946,"groupId":6,"id":946002,"propType":"FIGHT_PROP_ATTACK_PERCENT","propValue":0.0932},"946003":{"depotId":946,"groupId":9,"id":946003,"propType":"FIGHT_PROP_DEFENSE_PERCENT","propValue":0.1166},"946004":{"depotId":946,"groupId":20,"id":946004,"propType":"FIGHT_PROP_CRITICAL","propValue":0.0622},"946005":{"depotId":946,"groupId":23,"id":946005,"propType":"FIGHT_PROP_CHARGE_EFFICIENCY","propValue":0.1036},"946006":{"depotId":946,"groupId":25,"id":946006,"propType":"FIGHT_PROP_ELEMENT_MASTERY","propValue":37.3},"946007":{"depotId":946,"groupId":22,"id":946007,"propType":"FIGHT_PROP_CRITICAL_HURT","propValue":0.1243},"947001":{"depotId":947,"groupId":3,"id":947001,"propType":"FIGHT_PROP_HP_PERCENT","propValue":0.0396},"947002":{"depotId":947,"groupId":6,"id":947002,"propType":"FIGHT_PROP_ATTACK_PERCENT","propValue":0.0396},"947003":{"depotId":947,"groupId":9,"id":947003,"propType":"FIGHT_PROP_DEFENSE_PERCENT","propValue":0.0495},"947004":{"depotId":947,"groupId":20,"id":947004,"propType":"FIGHT_PROP_CRITICAL","propValue":0.0264},"947005":{"depotId":947,"groupId":23,"id":947005,"propType":"FIGHT_PROP_CHARGE_EFFICIENCY","propValue":0.044},"947006":{"depotId":947,"groupId":25,"id":947006,"propType":"FIGHT_PROP_ELEMENT_MASTERY","propValue":15.85},"947007":{"depotId":947,"groupId":22,"id":947007,"propType":"FIGHT_PROP_CRITICAL_HURT","propValue":0.0528},"947008":{"depotId":947,"groupId":22,"id":947008,"propType":"FIGHT_PROP_HP","propValue":203.15},"947009":{"depotId":947,"groupId":22,"id":947009,"propType":"FIGHT_PROP_ATTACK","propValue":13.23},"947010":{"depotId":947,"groupId":22,"id":947010,"propType":"FIGHT_PROP_DEFENSE","propValue":15.74},"951001":{"depotId":951,"groupId":3,"id":951001,"propType":"FIGHT_PROP_HP_PERCENT","propValue":0.1457},"951002":{"depotId":951,"groupId":6,"id":951002,"propType":"FIGHT_PROP_ATTACK_PERCENT","propValue":0.1457},"951003":{"depotId":951,"groupId":9,"id":951003,"propType":"FIGHT_PROP_DEFENSE_PERCENT","propValue":0.1821},"951004":{"depotId":951,"groupId":20,"id":951004,"propType":"FIGHT_PROP_CRITICAL","propValue":0.0971},"951005":{"depotId":951,"groupId":23,"id":951005,"propType":"FIGHT_PROP_CHARGE_EFFICIENCY","propValue":0.1619},"951006":{"depotId":951,"groupId":25,"id":951006,"propType":"FIGHT_PROP_ELEMENT_MASTERY","propValue":58.28},"951007":{"depotId":951,"groupId":22,"id":951007,"propType":"FIGHT_PROP_CRITICAL_HURT","propValue":0.1943},"952001":{"depotId":952,"groupId":3,"id":952001,"propType":"FIGHT_PROP_HP_PERCENT","propValue":0.1457},"952002":{"depotId":952,"groupId":6,"id":952002,"propType":"FIGHT_PROP_ATTACK_PERCENT","propValue":0.1457},"952003":{"depotId":952,"groupId":9,"id":952003,"propType":"FIGHT_PROP_DEFENSE_PERCENT","propValue":0.1821},"952004":{"depotId":952,"groupId":20,"id":952004,"propType":"FIGHT_PROP_CRITICAL","propValue":0.0971},"952005":{"depotId":952,"groupId":23,"id":952005,"propType":"FIGHT_PROP_CHARGE_EFFICIENCY","propValue":0.1619},"952006":{"depotId":952,"groupId":25,"id":952006,"propType":"FIGHT_PROP_ELEMENT_MASTERY","propValue":58.28},"952007":{"depotId":952,"groupId":22,"id":952007,"propType":"FIGHT_PROP_CRITICAL_HURT","propValue":0.1943},"953001":{"depotId":953,"groupId":3,"id":953001,"propType":"FIGHT_PROP_HP_PERCENT","propValue":0.1457},"953002":{"depotId":953,"groupId":6,"id":953002,"propType":"FIGHT_PROP_ATTACK_PERCENT","propValue":0.1457},"953003":{"depotId":953,"groupId":9,"id":953003,"propType":"FIGHT_PROP_DEFENSE_PERCENT","propValue":0.1821},"953004":{"depotId":953,"groupId":20,"id":953004,"propType":"FIGHT_PROP_CRITICAL","propValue":0.0971},"953005":{"depotId":953,"groupId":23,"id":953005,"propType":"FIGHT_PROP_CHARGE_EFFICIENCY","propValue":0.1619},"953006":{"depotId":953,"groupId":25,"id":953006,"propType":"FIGHT_PROP_ELEMENT_MASTERY","propValue":58.28},"953007":{"depotId":953,"groupId":22,"id":953007,"propType":"FIGHT_PROP_CRITICAL_HURT","propValue":0.1943},"956001":{"depotId":956,"groupId":3,"id":956001,"propType":"FIGHT_PROP_HP_PERCENT","propValue":0.1457},"956002":{"depotId":956,"groupId":6,"id":956002,"propType":"FIGHT_PROP_ATTACK_PERCENT","propValue":0.1457},"956003":{"depotId":956,"groupId":9,"id":956003,"propType":"FIGHT_PROP_DEFENSE_PERCENT","propValue":0.1821},"956004":{"depotId":956,"groupId":20,"id":956004,"propType":"FIGHT_PROP_CRITICAL","propValue":0.0971},"956005":{"depotId":956,"groupId":23,"id":956005,"propType":"FIGHT_PROP_CHARGE_EFFICIENCY","propValue":0.1619},"956006":{"depotId":956,"groupId":25,"id":956006,"propType":"FIGHT_PROP_ELEMENT_MASTERY","propValue":58.28},"956007":{"depotId":956,"groupId":22,"id":956007,"propType":"FIGHT_PROP_CRITICAL_HURT","propValue":0.1943},"961001":{"depotId":961,"groupId":3,"id":961001,"propType":"FIGHT_PROP_HP_PERCENT","propValue":0.1457},"961002":{"depotId":961,"groupId":6,"id":961002,"propType":"FIGHT_PROP_ATTACK_PERCENT","propValue":0.1457},"961003":{"depotId":961,"groupId":9,"id":961003,"propType":"FIGHT_PROP_DEFENSE_PERCENT","propValue":0.1821},"961004":{"depotId":961,"groupId":20,"id":961004,"propType":"FIGHT_PROP_CRITICAL","propValue":0.0971},"961005":{"depotId":961,"groupId":23,"id":961005,"propType":"FIGHT_PROP_CHARGE_EFFICIENCY","propValue":0.1619},"961006":{"depotId":961,"groupId":25,"id":961006,"propType":"FIGHT_PROP_ELEMENT_MASTERY","propValue":58.28},"961007":{"depotId":961,"groupId":22,"id":961007,"propType":"FIGHT_PROP_CRITICAL_HURT","propValue":0.1943},"961008":{"depotId":961,"groupId":2,"id":961008,"propType":"FIGHT_PROP_HP","propValue":746.88},"961009":{"depotId":961,"groupId":5,"id":961009,"propType":"FIGHT_PROP_ATTACK","propValue":48.63},"961010":{"depotId":961,"groupId":8,"id":961010,"propType":"FIGHT_PROP_DEFENSE","propValue":57.87},"962001":{"depotId":962,"groupId":3,"id":962001,"propType":"FIGHT_PROP_HP_PERCENT","propValue":0.1457},"962002":{"depotId":962,"groupId":6,"id":962002,"propType":"FIGHT_PROP_ATTACK_PERCENT","propValue":0.1457},"962003":{"depotId":962,"groupId":9,"id":962003,"propType":"FIGHT_PROP_DEFENSE_PERCENT","propValue":0.1821},"962004":{"depotId":962,"groupId":20,"id":962004,"propType":"FIGHT_PROP_CRITICAL","propValue":0.0971},"962005":{"depotId":962,"groupId":23,"id":962005,"propType":"FIGHT_PROP_CHARGE_EFFICIENCY","propValue":0.1619},"962006":{"depotId":962,"groupId":25,"id":962006,"propType":"FIGHT_PROP_ELEMENT_MASTERY","propValue":58.28},"962007":{"depotId":962,"groupId":22,"id":962007,"propType":"FIGHT_PROP_CRITICAL_HURT","propValue":0.1943},"962008":{"depotId":962,"groupId":2,"id":962008,"propType":"FIGHT_PROP_HP","propValue":746.88},"962009":{"depotId":962,"groupId":5,"id":962009,"propType":"FIGHT_PROP_ATTACK","propValue":48.63},"962010":{"depotId":962,"groupId":8,"id":962010,"propType":"FIGHT_PROP_DEFENSE","propValue":57.87},"963001":{"depotId":963,"groupId":3,"id":963001,"propType":"FIGHT_PROP_HP_PERCENT","propValue":0.1457},"963002":{"depotId":963,"groupId":6,"id":963002,"propType":"FIGHT_PROP_ATTACK_PERCENT","propValue":0.1457},"963003":{"depotId":963,"groupId":9,"id":963003,"propType":"FIGHT_PROP_DEFENSE_PERCENT","propValue":0.1821},"963004":{"depotId":963,"groupId":20,"id":963004,"propType":"FIGHT_PROP_CRITICAL","propValue":0.0971},"963005":{"depotId":963,"groupId":23,"id":963005,"propType":"FIGHT_PROP_CHARGE_EFFICIENCY","propValue":0.1619},"963006":{"depotId":963,"groupId":25,"id":963006,"propType":"FIGHT_PROP_ELEMENT_MASTERY","propValue":58.28},"963007":{"depotId":963,"groupId":22,"id":963007,"propType":"FIGHT_PROP_CRITICAL_HURT","propValue":0.1943},"963008":{"depotId":963,"groupId":2,"id":963008,"propType":"FIGHT_PROP_HP","propValue":746.88},"963009":{"depotId":963,"groupId":5,"id":963009,"propType":"FIGHT_PROP_ATTACK","propValue":48.63},"963010":{"depotId":963,"groupId":8,"id":963010,"propType":"FIGHT_PROP_DEFENSE","propValue":57.87},"964001":{"depotId":964,"groupId":3,"id":964001,"propType":"FIGHT_PROP_HP_PERCENT","propValue":0.1457},"964002":{"depotId":964,"groupId":6,"id":964002,"propType":"FIGHT_PROP_ATTACK_PERCENT","propValue":0.1457},"964003":{"depotId":964,"groupId":9,"id":964003,"propType":"FIGHT_PROP_DEFENSE_PERCENT","propValue":0.1821},"964004":{"depotId":964,"groupId":20,"id":964004,"propType":"FIGHT_PROP_CRITICAL","propValue":0.0971},"964005":{"depotId":964,"groupId":23,"id":964005,"propType":"FIGHT_PROP_CHARGE_EFFICIENCY","propValue":0.1619},"964006":{"depotId":964,"groupId":25,"id":964006,"propType":"FIGHT_PROP_ELEMENT_MASTERY","propValue":58.28},"964007":{"depotId":964,"groupId":22,"id":964007,"propType":"FIGHT_PROP_CRITICAL_HURT","propValue":0.1943},"964008":{"depotId":964,"groupId":2,"id":964008,"propType":"FIGHT_PROP_HP","propValue":746.88},"964009":{"depotId":964,"groupId":5,"id":964009,"propType":"FIGHT_PROP_ATTACK","propValue":48.63},"964010":{"depotId":964,"groupId":8,"id":964010,"propType":"FIGHT_PROP_DEFENSE","propValue":57.87},"965001":{"depotId":965,"groupId":3,"id":965001,"propType":"FIGHT_PROP_HP_PERCENT","propValue":0.1457},"965002":{"depotId":965,"groupId":6,"id":965002,"propType":"FIGHT_PROP_ATTACK_PERCENT","propValue":0.1457},"965003":{"depotId":965,"groupId":9,"id":965003,"propType":"FIGHT_PROP_DEFENSE_PERCENT","propValue":0.1821},"965004":{"depotId":965,"groupId":20,"id":965004,"propType":"FIGHT_PROP_CRITICAL","propValue":0.0971},"965005":{"depotId":965,"groupId":23,"id":965005,"propType":"FIGHT_PROP_CHARGE_EFFICIENCY","propValue":0.1619},"965006":{"depotId":965,"groupId":25,"id":965006,"propType":"FIGHT_PROP_ELEMENT_MASTERY","propValue":58.28},"965007":{"depotId":965,"groupId":22,"id":965007,"propType":"FIGHT_PROP_CRITICAL_HURT","propValue":0.1943},"965008":{"depotId":965,"groupId":2,"id":965008,"propType":"FIGHT_PROP_HP","propValue":746.88},"965009":{"depotId":965,"groupId":5,"id":965009,"propType":"FIGHT_PROP_ATTACK","propValue":48.63},"965010":{"depotId":965,"groupId":8,"id":965010,"propType":"FIGHT_PROP_DEFENSE","propValue":57.87},"966001":{"depotId":966,"groupId":25,"id":966001,"propType":"FIGHT_PROP_ELEMENT_MASTERY","propValue":300},"967001":{"depotId":967,"groupId":20,"id":967001,"propType":"FIGHT_PROP_CRITICAL","propValue":1},"968001":{"depotId":968,"groupId":25,"id":968001,"propType":"FIGHT_PROP_ELEMENT_MASTERY","propValue":-300},"969001":{"depotId":969,"groupId":8,"id":969001,"propType":"FIGHT_PROP_DEFENSE","propValue":-500},"970001":{"depotId":970,"groupId":29,"id":970001,"propType":"FIGHT_PROP_SUB_HURT","propValue":0.8},"971001":{"depotId":971,"groupId":24,"id":971001,"propType":"FIGHT_PROP_ADD_HURT","propValue":0.8},"972001":{"depotId":972,"groupId":29,"id":972001,"propType":"FIGHT_PROP_PHYSICAL_SUB_HURT","propValue":0.8},"973001":{"depotId":973,"groupId":56,"id":973001,"propType":"FIGHT_PROP_ICE_SUB_HURT","propValue":0.8},"974001":{"depotId":974,"groupId":55,"id":974001,"propType":"FIGHT_PROP_ROCK_SUB_HURT","propValue":0.8},"975001":{"depotId":975,"groupId":54,"id":975001,"propType":"FIGHT_PROP_WIND_SUB_HURT","propValue":0.8},"976001":{"depotId":976,"groupId":53,"id":976001,"propType":"FIGHT_PROP_GRASS_SUB_HURT","propValue":0.8},"977001":{"depotId":977,"groupId":52,"id":977001,"propType":"FIGHT_PROP_WATER_SUB_HURT","propValue":0.8},"978001":{"depotId":978,"groupId":51,"id":978001,"propType":"FIGHT_PROP_ELEC_SUB_HURT","propValue":0.8},"979001":{"depotId":979,"groupId":50,"id":979001,"propType":"FIGHT_PROP_FIRE_SUB_HURT","propValue":0.8},"980001":{"depotId":980,"groupId":30,"id":980001,"propType":"FIGHT_PROP_PHYSICAL_ADD_HURT","propValue":0.8},"981001":{"depotId":981,"groupId":46,"id":981001,"propType":"FIGHT_PROP_ICE_ADD_HURT","propValue":0.8},"982001":{"depotId":982,"groupId":45,"id":982001,"propType":"FIGHT_PROP_ROCK_ADD_HURT","propValue":0.8},"983001":{"depotId":983,"groupId":44,"id":983001,"propType":"FIGHT_PROP_WIND_ADD_HURT","propValue":0.8},"984001":{"depotId":984,"groupId":43,"id":984001,"propType":"FIGHT_PROP_GRASS_ADD_HURT","propValue":0.8},"985001":{"depotId":985,"groupId":42,"id":985001,"propType":"FIGHT_PROP_WATER_ADD_HURT","propValue":0.8},"986001":{"depotId":986,"groupId":41,"id":986001,"propType":"FIGHT_PROP_ELEC_ADD_HURT","propValue":0.8},"987001":{"depotId":987,"groupId":40,"id":987001,"propType":"FIGHT_PROP_FIRE_ADD_HURT","propValue":0.8},"988001":{"depotId":988,"groupId":11,"id":988001,"propType":"FIGHT_PROP_SPEED_PERCENT","propValue":0.3},"989001":{"depotId":989,"groupId":80,"id":989001,"propType":"FIGHT_PROP_SKILL_CD_MINUS_RATIO","propValue":0.5},"990001":{"depotId":990,"groupId":27,"id":990001,"propType":"FIGHT_PROP_HEALED_ADD","propValue":0.8},"991001":{"depotId":991,"groupId":26,"id":991001,"propType":"FIGHT_PROP_HEAL_ADD","propValue":0.8},"992001":{"depotId":992,"groupId":81,"id":992001,"propType":"FIGHT_PROP_SHIELD_COST_MINUS_RATIO","propValue":0.8},"993001":{"depotId":993,"groupId":22,"id":993001,"propType":"FIGHT_PROP_CRITICAL_HURT","propValue":0.8},"994001":{"depotId":994,"groupId":20,"id":994001,"propType":"FIGHT_PROP_CRITICAL","propValue":0.8},"995001":{"depotId":995,"groupId":3,"id":995001,"propType":"FIGHT_PROP_HP_PERCENT","propValue":0.1457},"995002":{"depotId":995,"groupId":6,"id":995002,"propType":"FIGHT_PROP_ATTACK_PERCENT","propValue":0.1457},"995003":{"depotId":995,"groupId":9,"id":995003,"propType":"FIGHT_PROP_DEFENSE_PERCENT","propValue":0.1821},"995004":{"depotId":995,"groupId":20,"id":995004,"propType":"FIGHT_PROP_CRITICAL","propValue":0.0971},"995005":{"depotId":995,"groupId":23,"id":995005,"propType":"FIGHT_PROP_CHARGE_EFFICIENCY","propValue":0.1619},"995006":{"depotId":995,"groupId":25,"id":995006,"propType":"FIGHT_PROP_ELEMENT_MASTERY","propValue":58.28},"995007":{"depotId":995,"groupId":22,"id":995007,"propType":"FIGHT_PROP_CRITICAL_HURT","propValue":0.1943},"996001":{"depotId":996,"groupId":3,"id":996001,"propType":"FIGHT_PROP_HP_PERCENT","propValue":0.0932},"996002":{"depotId":996,"groupId":6,"id":996002,"propType":"FIGHT_PROP_ATTACK_PERCENT","propValue":0.0932},"996003":{"depotId":996,"groupId":9,"id":996003,"propType":"FIGHT_PROP_DEFENSE_PERCENT","propValue":0.1166},"996004":{"depotId":996,"groupId":20,"id":996004,"propType":"FIGHT_PROP_CRITICAL","propValue":0.0622},"996005":{"depotId":996,"groupId":23,"id":996005,"propType":"FIGHT_PROP_CHARGE_EFFICIENCY","propValue":0.1036},"996006":{"depotId":996,"groupId":25,"id":996006,"propType":"FIGHT_PROP_ELEMENT_MASTERY","propValue":37.3},"996007":{"depotId":996,"groupId":22,"id":996007,"propType":"FIGHT_PROP_CRITICAL_HURT","propValue":0.1243},"996008":{"depotId":996,"groupId":22,"id":996008,"propType":"FIGHT_PROP_HP","propValue":478},"996009":{"depotId":996,"groupId":22,"id":996009,"propType":"FIGHT_PROP_ATTACK","propValue":31.12},"996010":{"depotId":996,"groupId":22,"id":996010,"propType":"FIGHT_PROP_DEFENSE","propValue":37.04},"997001":{"depotId":997,"groupId":3,"id":997001,"propType":"FIGHT_PROP_HP_PERCENT","propValue":0.0932},"997002":{"depotId":997,"groupId":6,"id":997002,"propType":"FIGHT_PROP_ATTACK_PERCENT","propValue":0.0932},"997003":{"depotId":997,"groupId":9,"id":997003,"propType":"FIGHT_PROP_DEFENSE_PERCENT","propValue":0.1166},"997004":{"depotId":997,"groupId":20,"id":997004,"propType":"FIGHT_PROP_CRITICAL","propValue":0.0622},"997005":{"depotId":997,"groupId":23,"id":997005,"propType":"FIGHT_PROP_CHARGE_EFFICIENCY","propValue":0.1036},"997006":{"depotId":997,"groupId":25,"id":997006,"propType":"FIGHT_PROP_ELEMENT_MASTERY","propValue":37.3},"997007":{"depotId":997,"groupId":22,"id":997007,"propType":"FIGHT_PROP_CRITICAL_HURT","propValue":0.1243},"998001":{"depotId":998,"groupId":3,"id":998001,"propType":"FIGHT_PROP_HP_PERCENT","propValue":0.1457},"998002":{"depotId":998,"groupId":6,"id":998002,"propType":"FIGHT_PROP_ATTACK_PERCENT","propValue":0.1457},"998003":{"depotId":998,"groupId":9,"id":998003,"propType":"FIGHT_PROP_DEFENSE_PERCENT","propValue":0.1821},"998004":{"depotId":998,"groupId":20,"id":998004,"propType":"FIGHT_PROP_CRITICAL","propValue":0.0971},"998005":{"depotId":998,"groupId":23,"id":998005,"propType":"FIGHT_PROP_CHARGE_EFFICIENCY","propValue":0.1619},"998006":{"depotId":998,"groupId":25,"id":998006,"propType":"FIGHT_PROP_ELEMENT_MASTERY","propValue":58.28},"998007":{"depotId":998,"groupId":22,"id":998007,"propType":"FIGHT_PROP_CRITICAL_HURT","propValue":0.1943},"999001":{"depotId":999,"groupId":22,"id":999001,"propType":"FIGHT_PROP_CRITICAL_HURT","propValue":3.5},"999002":{"depotId":999,"groupId":20,"id":999002,"propType":"FIGHT_PROP_CRITICAL","propValue":1},"999003":{"depotId":999,"groupId":5,"id":999003,"propType":"FIGHT_PROP_ATTACK","propValue":233333},"999004":{"depotId":999,"groupId":8,"id":999004,"propType":"FIGHT_PROP_DEFENSE","propValue":233333}}