{"1":{"AABFFEOBHOL":2001,"AICDIFAOJAO":1001,"BNJBGGFJNCA":"","BPOGOJKCEPB":0,"CCCGLDNFPGM":4,"DGKJAFNOHLA":[],"difficultyId":1,"difficultyLevel":1,"EGMLKNNMHPC":3,"EPLMHDHNLKK":0,"GBBHAIKHDLB":0,"GCDLEBFAOBC":[],"GPKJALKPCBD":3001,"HKLKOPMHJCF":2,"IEGKFGAPBIL":0,"IEJEOMIOJIL":0,"IGIGIHHFMPG":0,"IJPGDCGILCM":60,"JCLIPALKNHA":4001,"JPBKFLJNDOM":100,"KPHMHILPGGD":0,"KPNEFGPBEID":[],"LILHOEJCCPE":0,"NJDCBJBOOBP":5001,"NLAEGCAJJCD":false,"OONIGCEPBAI":0,"OPPDHKMDGGF":1},"2":{"AABFFEOBHOL":2002,"AICDIFAOJAO":1002,"BNJBGGFJNCA":"","BPOGOJKCEPB":0,"CCCGLDNFPGM":8,"DGKJAFNOHLA":[],"difficultyId":2,"difficultyLevel":2,"EGMLKNNMHPC":6,"EPLMHDHNLKK":0,"GBBHAIKHDLB":1,"GCDLEBFAOBC":[],"GPKJALKPCBD":3002,"HKLKOPMHJCF":2,"IEGKFGAPBIL":0,"IEJEOMIOJIL":0,"IGIGIHHFMPG":0,"IJPGDCGILCM":60,"JCLIPALKNHA":4001,"JPBKFLJNDOM":100,"KPHMHILPGGD":0,"KPNEFGPBEID":[],"LILHOEJCCPE":0,"NJDCBJBOOBP":5002,"NLAEGCAJJCD":false,"OONIGCEPBAI":0,"OPPDHKMDGGF":1},"3":{"AABFFEOBHOL":2003,"AICDIFAOJAO":1003,"BNJBGGFJNCA":"","BPOGOJKCEPB":0,"CCCGLDNFPGM":12,"DGKJAFNOHLA":[],"difficultyId":3,"difficultyLevel":3,"EGMLKNNMHPC":8,"EPLMHDHNLKK":0,"GBBHAIKHDLB":1,"GCDLEBFAOBC":[],"GPKJALKPCBD":3003,"HKLKOPMHJCF":2,"IEGKFGAPBIL":0,"IEJEOMIOJIL":0,"IGIGIHHFMPG":0,"IJPGDCGILCM":70,"JCLIPALKNHA":4001,"JPBKFLJNDOM":100,"KPHMHILPGGD":0,"KPNEFGPBEID":[],"LILHOEJCCPE":0,"NJDCBJBOOBP":5003,"NLAEGCAJJCD":false,"OONIGCEPBAI":0,"OPPDHKMDGGF":1},"5":{"AABFFEOBHOL":2011,"AICDIFAOJAO":1011,"BNJBGGFJNCA":"","BPOGOJKCEPB":0,"CCCGLDNFPGM":4,"DGKJAFNOHLA":[],"difficultyId":5,"difficultyLevel":1,"EGMLKNNMHPC":3,"EPLMHDHNLKK":0,"GBBHAIKHDLB":0,"GCDLEBFAOBC":[],"GPKJALKPCBD":3011,"HKLKOPMHJCF":2,"IEGKFGAPBIL":0,"IEJEOMIOJIL":0,"IGIGIHHFMPG":0,"IJPGDCGILCM":60,"JCLIPALKNHA":4002,"JPBKFLJNDOM":100,"KPHMHILPGGD":0,"KPNEFGPBEID":[],"LILHOEJCCPE":0,"NJDCBJBOOBP":5001,"NLAEGCAJJCD":false,"OONIGCEPBAI":0,"OPPDHKMDGGF":2},"6":{"AABFFEOBHOL":2012,"AICDIFAOJAO":1012,"BNJBGGFJNCA":"","BPOGOJKCEPB":0,"CCCGLDNFPGM":8,"DGKJAFNOHLA":[],"difficultyId":6,"difficultyLevel":2,"EGMLKNNMHPC":6,"EPLMHDHNLKK":0,"GBBHAIKHDLB":1,"GCDLEBFAOBC":[],"GPKJALKPCBD":3012,"HKLKOPMHJCF":2,"IEGKFGAPBIL":0,"IEJEOMIOJIL":0,"IGIGIHHFMPG":0,"IJPGDCGILCM":60,"JCLIPALKNHA":4002,"JPBKFLJNDOM":100,"KPHMHILPGGD":0,"KPNEFGPBEID":[],"LILHOEJCCPE":0,"NJDCBJBOOBP":5102,"NLAEGCAJJCD":false,"OONIGCEPBAI":0,"OPPDHKMDGGF":2},"7":{"AABFFEOBHOL":2013,"AICDIFAOJAO":1013,"BNJBGGFJNCA":"","BPOGOJKCEPB":0,"CCCGLDNFPGM":12,"DGKJAFNOHLA":[],"difficultyId":7,"difficultyLevel":3,"EGMLKNNMHPC":8,"EPLMHDHNLKK":0,"GBBHAIKHDLB":1,"GCDLEBFAOBC":[],"GPKJALKPCBD":3013,"HKLKOPMHJCF":2,"IEGKFGAPBIL":0,"IEJEOMIOJIL":0,"IGIGIHHFMPG":0,"IJPGDCGILCM":70,"JCLIPALKNHA":4002,"JPBKFLJNDOM":160,"KPHMHILPGGD":0,"KPNEFGPBEID":[],"LILHOEJCCPE":0,"NJDCBJBOOBP":5103,"NLAEGCAJJCD":false,"OONIGCEPBAI":0,"OPPDHKMDGGF":2},"8":{"AABFFEOBHOL":2021,"AICDIFAOJAO":1021,"BNJBGGFJNCA":"","BPOGOJKCEPB":2,"CCCGLDNFPGM":2,"DGKJAFNOHLA":[1,2,3],"difficultyId":8,"difficultyLevel":1,"EGMLKNNMHPC":3,"EPLMHDHNLKK":0,"GBBHAIKHDLB":0,"GCDLEBFAOBC":[],"GPKJALKPCBD":3021,"HKLKOPMHJCF":2,"IEGKFGAPBIL":6001,"IEJEOMIOJIL":2,"IGIGIHHFMPG":0,"IJPGDCGILCM":60,"JCLIPALKNHA":0,"JPBKFLJNDOM":100,"KPHMHILPGGD":30,"KPNEFGPBEID":[],"LILHOEJCCPE":1,"NJDCBJBOOBP":5011,"NLAEGCAJJCD":false,"OONIGCEPBAI":0,"OPPDHKMDGGF":2},"9":{"AABFFEOBHOL":2022,"AICDIFAOJAO":1022,"BNJBGGFJNCA":"","BPOGOJKCEPB":2,"CCCGLDNFPGM":6,"DGKJAFNOHLA":[1,2,3],"difficultyId":9,"difficultyLevel":2,"EGMLKNNMHPC":6,"EPLMHDHNLKK":0,"GBBHAIKHDLB":2,"GCDLEBFAOBC":[],"GPKJALKPCBD":3022,"HKLKOPMHJCF":2,"IEGKFGAPBIL":6002,"IEJEOMIOJIL":2,"IGIGIHHFMPG":0,"IJPGDCGILCM":60,"JCLIPALKNHA":0,"JPBKFLJNDOM":100,"KPHMHILPGGD":30,"KPNEFGPBEID":[],"LILHOEJCCPE":1,"NJDCBJBOOBP":5012,"NLAEGCAJJCD":false,"OONIGCEPBAI":0,"OPPDHKMDGGF":2},"10":{"AABFFEOBHOL":2023,"AICDIFAOJAO":1023,"BNJBGGFJNCA":"","BPOGOJKCEPB":4,"CCCGLDNFPGM":10,"DGKJAFNOHLA":[1,2,3],"difficultyId":10,"difficultyLevel":3,"EGMLKNNMHPC":8,"EPLMHDHNLKK":0,"GBBHAIKHDLB":2,"GCDLEBFAOBC":[],"GPKJALKPCBD":3023,"HKLKOPMHJCF":2,"IEGKFGAPBIL":6003,"IEJEOMIOJIL":2,"IGIGIHHFMPG":0,"IJPGDCGILCM":70,"JCLIPALKNHA":0,"JPBKFLJNDOM":160,"KPHMHILPGGD":30,"KPNEFGPBEID":[],"LILHOEJCCPE":1,"NJDCBJBOOBP":5013,"NLAEGCAJJCD":false,"OONIGCEPBAI":0,"OPPDHKMDGGF":2},"11":{"AABFFEOBHOL":2024,"AICDIFAOJAO":1024,"BNJBGGFJNCA":"","BPOGOJKCEPB":4,"CCCGLDNFPGM":16,"DGKJAFNOHLA":[1,2,3],"difficultyId":11,"difficultyLevel":4,"EGMLKNNMHPC":10,"EPLMHDHNLKK":0,"GBBHAIKHDLB":2,"GCDLEBFAOBC":[3],"GPKJALKPCBD":3024,"HKLKOPMHJCF":3,"IEGKFGAPBIL":6004,"IEJEOMIOJIL":2,"IGIGIHHFMPG":0,"IJPGDCGILCM":70,"JCLIPALKNHA":0,"JPBKFLJNDOM":160,"KPHMHILPGGD":30,"KPNEFGPBEID":[],"LILHOEJCCPE":1,"NJDCBJBOOBP":5014,"NLAEGCAJJCD":false,"OONIGCEPBAI":0,"OPPDHKMDGGF":2},"12":{"AABFFEOBHOL":2031,"AICDIFAOJAO":1021,"BNJBGGFJNCA":"","BPOGOJKCEPB":2,"CCCGLDNFPGM":2,"DGKJAFNOHLA":[4,5,6],"difficultyId":12,"difficultyLevel":1,"EGMLKNNMHPC":3,"EPLMHDHNLKK":0,"GBBHAIKHDLB":0,"GCDLEBFAOBC":[],"GPKJALKPCBD":3031,"HKLKOPMHJCF":2,"IEGKFGAPBIL":6011,"IEJEOMIOJIL":2,"IGIGIHHFMPG":0,"IJPGDCGILCM":60,"JCLIPALKNHA":0,"JPBKFLJNDOM":100,"KPHMHILPGGD":30,"KPNEFGPBEID":[],"LILHOEJCCPE":1,"NJDCBJBOOBP":5011,"NLAEGCAJJCD":false,"OONIGCEPBAI":0,"OPPDHKMDGGF":2},"13":{"AABFFEOBHOL":2032,"AICDIFAOJAO":1022,"BNJBGGFJNCA":"","BPOGOJKCEPB":2,"CCCGLDNFPGM":6,"DGKJAFNOHLA":[4,5,6],"difficultyId":13,"difficultyLevel":2,"EGMLKNNMHPC":6,"EPLMHDHNLKK":0,"GBBHAIKHDLB":2,"GCDLEBFAOBC":[],"GPKJALKPCBD":3032,"HKLKOPMHJCF":2,"IEGKFGAPBIL":6012,"IEJEOMIOJIL":2,"IGIGIHHFMPG":0,"IJPGDCGILCM":60,"JCLIPALKNHA":0,"JPBKFLJNDOM":100,"KPHMHILPGGD":30,"KPNEFGPBEID":[],"LILHOEJCCPE":1,"NJDCBJBOOBP":5012,"NLAEGCAJJCD":false,"OONIGCEPBAI":0,"OPPDHKMDGGF":2},"14":{"AABFFEOBHOL":2033,"AICDIFAOJAO":1023,"BNJBGGFJNCA":"","BPOGOJKCEPB":4,"CCCGLDNFPGM":10,"DGKJAFNOHLA":[4,5,6],"difficultyId":14,"difficultyLevel":3,"EGMLKNNMHPC":8,"EPLMHDHNLKK":0,"GBBHAIKHDLB":2,"GCDLEBFAOBC":[],"GPKJALKPCBD":3033,"HKLKOPMHJCF":2,"IEGKFGAPBIL":6013,"IEJEOMIOJIL":2,"IGIGIHHFMPG":0,"IJPGDCGILCM":70,"JCLIPALKNHA":0,"JPBKFLJNDOM":160,"KPHMHILPGGD":30,"KPNEFGPBEID":[],"LILHOEJCCPE":1,"NJDCBJBOOBP":5013,"NLAEGCAJJCD":false,"OONIGCEPBAI":0,"OPPDHKMDGGF":2},"15":{"AABFFEOBHOL":2034,"AICDIFAOJAO":1024,"BNJBGGFJNCA":"","BPOGOJKCEPB":4,"CCCGLDNFPGM":16,"DGKJAFNOHLA":[4,5,6],"difficultyId":15,"difficultyLevel":4,"EGMLKNNMHPC":10,"EPLMHDHNLKK":0,"GBBHAIKHDLB":2,"GCDLEBFAOBC":[3],"GPKJALKPCBD":3034,"HKLKOPMHJCF":3,"IEGKFGAPBIL":6014,"IEJEOMIOJIL":2,"IGIGIHHFMPG":0,"IJPGDCGILCM":70,"JCLIPALKNHA":0,"JPBKFLJNDOM":160,"KPHMHILPGGD":30,"KPNEFGPBEID":[],"LILHOEJCCPE":1,"NJDCBJBOOBP":5014,"NLAEGCAJJCD":false,"OONIGCEPBAI":0,"OPPDHKMDGGF":2},"16":{"AABFFEOBHOL":2041,"AICDIFAOJAO":1031,"BNJBGGFJNCA":"1:2,2:5","BPOGOJKCEPB":2,"CCCGLDNFPGM":2,"DGKJAFNOHLA":[3,8,7],"difficultyId":16,"difficultyLevel":1,"EGMLKNNMHPC":3,"EPLMHDHNLKK":0,"GBBHAIKHDLB":0,"GCDLEBFAOBC":[],"GPKJALKPCBD":3041,"HKLKOPMHJCF":2,"IEGKFGAPBIL":6021,"IEJEOMIOJIL":2,"IGIGIHHFMPG":0,"IJPGDCGILCM":60,"JCLIPALKNHA":0,"JPBKFLJNDOM":100,"KPHMHILPGGD":30,"KPNEFGPBEID":[1,2,3,4,5],"LILHOEJCCPE":1,"NJDCBJBOOBP":5011,"NLAEGCAJJCD":false,"OONIGCEPBAI":0,"OPPDHKMDGGF":2},"17":{"AABFFEOBHOL":2042,"AICDIFAOJAO":1032,"BNJBGGFJNCA":"1:3,2:8","BPOGOJKCEPB":2,"CCCGLDNFPGM":6,"DGKJAFNOHLA":[3,8,7],"difficultyId":17,"difficultyLevel":2,"EGMLKNNMHPC":6,"EPLMHDHNLKK":0,"GBBHAIKHDLB":2,"GCDLEBFAOBC":[],"GPKJALKPCBD":3042,"HKLKOPMHJCF":2,"IEGKFGAPBIL":6022,"IEJEOMIOJIL":2,"IGIGIHHFMPG":0,"IJPGDCGILCM":60,"JCLIPALKNHA":0,"JPBKFLJNDOM":100,"KPHMHILPGGD":30,"KPNEFGPBEID":[1,2,3,4,5],"LILHOEJCCPE":1,"NJDCBJBOOBP":5012,"NLAEGCAJJCD":false,"OONIGCEPBAI":0,"OPPDHKMDGGF":2},"18":{"AABFFEOBHOL":2043,"AICDIFAOJAO":1033,"BNJBGGFJNCA":"1:4,2:10","BPOGOJKCEPB":4,"CCCGLDNFPGM":10,"DGKJAFNOHLA":[3,8,7],"difficultyId":18,"difficultyLevel":3,"EGMLKNNMHPC":8,"EPLMHDHNLKK":0,"GBBHAIKHDLB":2,"GCDLEBFAOBC":[],"GPKJALKPCBD":3043,"HKLKOPMHJCF":2,"IEGKFGAPBIL":6023,"IEJEOMIOJIL":2,"IGIGIHHFMPG":0,"IJPGDCGILCM":70,"JCLIPALKNHA":0,"JPBKFLJNDOM":160,"KPHMHILPGGD":30,"KPNEFGPBEID":[1,2,3,4,5],"LILHOEJCCPE":1,"NJDCBJBOOBP":5013,"NLAEGCAJJCD":false,"OONIGCEPBAI":0,"OPPDHKMDGGF":2},"19":{"AABFFEOBHOL":2044,"AICDIFAOJAO":1034,"BNJBGGFJNCA":"1:6,2:14","BPOGOJKCEPB":4,"CCCGLDNFPGM":16,"DGKJAFNOHLA":[3,8,7],"difficultyId":19,"difficultyLevel":4,"EGMLKNNMHPC":10,"EPLMHDHNLKK":0,"GBBHAIKHDLB":2,"GCDLEBFAOBC":[3],"GPKJALKPCBD":3044,"HKLKOPMHJCF":3,"IEGKFGAPBIL":6024,"IEJEOMIOJIL":2,"IGIGIHHFMPG":0,"IJPGDCGILCM":70,"JCLIPALKNHA":0,"JPBKFLJNDOM":160,"KPHMHILPGGD":30,"KPNEFGPBEID":[1,2,3,4,5],"LILHOEJCCPE":1,"NJDCBJBOOBP":5014,"NLAEGCAJJCD":false,"OONIGCEPBAI":0,"OPPDHKMDGGF":2},"20":{"AABFFEOBHOL":2051,"AICDIFAOJAO":1031,"BNJBGGFJNCA":"1:2,2:5","BPOGOJKCEPB":2,"CCCGLDNFPGM":2,"DGKJAFNOHLA":[9,10,11],"difficultyId":20,"difficultyLevel":1,"EGMLKNNMHPC":3,"EPLMHDHNLKK":0,"GBBHAIKHDLB":0,"GCDLEBFAOBC":[],"GPKJALKPCBD":3051,"HKLKOPMHJCF":2,"IEGKFGAPBIL":6041,"IEJEOMIOJIL":2,"IGIGIHHFMPG":0,"IJPGDCGILCM":60,"JCLIPALKNHA":0,"JPBKFLJNDOM":100,"KPHMHILPGGD":30,"KPNEFGPBEID":[1,2,3,4,5],"LILHOEJCCPE":1,"NJDCBJBOOBP":5011,"NLAEGCAJJCD":false,"OONIGCEPBAI":0,"OPPDHKMDGGF":2},"21":{"AABFFEOBHOL":2052,"AICDIFAOJAO":1032,"BNJBGGFJNCA":"1:3,2:8","BPOGOJKCEPB":2,"CCCGLDNFPGM":6,"DGKJAFNOHLA":[9,10,11],"difficultyId":21,"difficultyLevel":2,"EGMLKNNMHPC":6,"EPLMHDHNLKK":0,"GBBHAIKHDLB":2,"GCDLEBFAOBC":[],"GPKJALKPCBD":3052,"HKLKOPMHJCF":2,"IEGKFGAPBIL":6042,"IEJEOMIOJIL":2,"IGIGIHHFMPG":0,"IJPGDCGILCM":60,"JCLIPALKNHA":0,"JPBKFLJNDOM":100,"KPHMHILPGGD":30,"KPNEFGPBEID":[1,2,3,4,5],"LILHOEJCCPE":1,"NJDCBJBOOBP":5012,"NLAEGCAJJCD":false,"OONIGCEPBAI":0,"OPPDHKMDGGF":2},"22":{"AABFFEOBHOL":2053,"AICDIFAOJAO":1033,"BNJBGGFJNCA":"1:4,2:10","BPOGOJKCEPB":4,"CCCGLDNFPGM":10,"DGKJAFNOHLA":[9,10,11],"difficultyId":22,"difficultyLevel":3,"EGMLKNNMHPC":8,"EPLMHDHNLKK":0,"GBBHAIKHDLB":2,"GCDLEBFAOBC":[],"GPKJALKPCBD":3053,"HKLKOPMHJCF":2,"IEGKFGAPBIL":6043,"IEJEOMIOJIL":2,"IGIGIHHFMPG":0,"IJPGDCGILCM":70,"JCLIPALKNHA":0,"JPBKFLJNDOM":160,"KPHMHILPGGD":30,"KPNEFGPBEID":[1,2,3,4,5],"LILHOEJCCPE":1,"NJDCBJBOOBP":5013,"NLAEGCAJJCD":false,"OONIGCEPBAI":0,"OPPDHKMDGGF":2},"23":{"AABFFEOBHOL":2054,"AICDIFAOJAO":1034,"BNJBGGFJNCA":"1:6,2:14","BPOGOJKCEPB":4,"CCCGLDNFPGM":16,"DGKJAFNOHLA":[9,10,11],"difficultyId":23,"difficultyLevel":4,"EGMLKNNMHPC":10,"EPLMHDHNLKK":0,"GBBHAIKHDLB":2,"GCDLEBFAOBC":[3],"GPKJALKPCBD":3054,"HKLKOPMHJCF":3,"IEGKFGAPBIL":6044,"IEJEOMIOJIL":2,"IGIGIHHFMPG":0,"IJPGDCGILCM":70,"JCLIPALKNHA":0,"JPBKFLJNDOM":160,"KPHMHILPGGD":30,"KPNEFGPBEID":[1,2,3,4,5],"LILHOEJCCPE":1,"NJDCBJBOOBP":5014,"NLAEGCAJJCD":false,"OONIGCEPBAI":0,"OPPDHKMDGGF":2},"24":{"AABFFEOBHOL":2061,"AICDIFAOJAO":1031,"BNJBGGFJNCA":"1:2,2:5","BPOGOJKCEPB":2,"CCCGLDNFPGM":2,"DGKJAFNOHLA":[12,13,14],"difficultyId":24,"difficultyLevel":1,"EGMLKNNMHPC":3,"EPLMHDHNLKK":0,"GBBHAIKHDLB":0,"GCDLEBFAOBC":[],"GPKJALKPCBD":3061,"HKLKOPMHJCF":2,"IEGKFGAPBIL":6031,"IEJEOMIOJIL":2,"IGIGIHHFMPG":0,"IJPGDCGILCM":60,"JCLIPALKNHA":0,"JPBKFLJNDOM":100,"KPHMHILPGGD":30,"KPNEFGPBEID":[1,2,3,4,5],"LILHOEJCCPE":1,"NJDCBJBOOBP":5011,"NLAEGCAJJCD":false,"OONIGCEPBAI":0,"OPPDHKMDGGF":2},"25":{"AABFFEOBHOL":2062,"AICDIFAOJAO":1032,"BNJBGGFJNCA":"1:3,2:8","BPOGOJKCEPB":2,"CCCGLDNFPGM":6,"DGKJAFNOHLA":[12,13,14],"difficultyId":25,"difficultyLevel":2,"EGMLKNNMHPC":6,"EPLMHDHNLKK":0,"GBBHAIKHDLB":2,"GCDLEBFAOBC":[],"GPKJALKPCBD":3062,"HKLKOPMHJCF":2,"IEGKFGAPBIL":6032,"IEJEOMIOJIL":2,"IGIGIHHFMPG":0,"IJPGDCGILCM":60,"JCLIPALKNHA":0,"JPBKFLJNDOM":100,"KPHMHILPGGD":30,"KPNEFGPBEID":[1,2,3,4,5],"LILHOEJCCPE":1,"NJDCBJBOOBP":5012,"NLAEGCAJJCD":false,"OONIGCEPBAI":0,"OPPDHKMDGGF":2},"26":{"AABFFEOBHOL":2063,"AICDIFAOJAO":1033,"BNJBGGFJNCA":"1:4,2:10","BPOGOJKCEPB":4,"CCCGLDNFPGM":10,"DGKJAFNOHLA":[12,13,14],"difficultyId":26,"difficultyLevel":3,"EGMLKNNMHPC":8,"EPLMHDHNLKK":0,"GBBHAIKHDLB":2,"GCDLEBFAOBC":[],"GPKJALKPCBD":3063,"HKLKOPMHJCF":2,"IEGKFGAPBIL":6033,"IEJEOMIOJIL":2,"IGIGIHHFMPG":0,"IJPGDCGILCM":70,"JCLIPALKNHA":0,"JPBKFLJNDOM":160,"KPHMHILPGGD":30,"KPNEFGPBEID":[1,2,3,4,5],"LILHOEJCCPE":1,"NJDCBJBOOBP":5013,"NLAEGCAJJCD":false,"OONIGCEPBAI":0,"OPPDHKMDGGF":2},"27":{"AABFFEOBHOL":2064,"AICDIFAOJAO":1034,"BNJBGGFJNCA":"1:6,2:14","BPOGOJKCEPB":4,"CCCGLDNFPGM":16,"DGKJAFNOHLA":[12,13,14],"difficultyId":27,"difficultyLevel":4,"EGMLKNNMHPC":10,"EPLMHDHNLKK":0,"GBBHAIKHDLB":2,"GCDLEBFAOBC":[3],"GPKJALKPCBD":3064,"HKLKOPMHJCF":3,"IEGKFGAPBIL":6034,"IEJEOMIOJIL":2,"IGIGIHHFMPG":0,"IJPGDCGILCM":70,"JCLIPALKNHA":0,"JPBKFLJNDOM":160,"KPHMHILPGGD":30,"KPNEFGPBEID":[1,2,3,4,5],"LILHOEJCCPE":1,"NJDCBJBOOBP":5014,"NLAEGCAJJCD":false,"OONIGCEPBAI":0,"OPPDHKMDGGF":2},"28":{"AABFFEOBHOL":2071,"AICDIFAOJAO":1031,"BNJBGGFJNCA":"1:2,2:5","BPOGOJKCEPB":2,"CCCGLDNFPGM":2,"DGKJAFNOHLA":[1,15,9],"difficultyId":28,"difficultyLevel":1,"EGMLKNNMHPC":3,"EPLMHDHNLKK":0,"GBBHAIKHDLB":0,"GCDLEBFAOBC":[],"GPKJALKPCBD":3071,"HKLKOPMHJCF":2,"IEGKFGAPBIL":6051,"IEJEOMIOJIL":2,"IGIGIHHFMPG":0,"IJPGDCGILCM":60,"JCLIPALKNHA":0,"JPBKFLJNDOM":100,"KPHMHILPGGD":30,"KPNEFGPBEID":[1,2,3,4,5],"LILHOEJCCPE":1,"NJDCBJBOOBP":5011,"NLAEGCAJJCD":false,"OONIGCEPBAI":0,"OPPDHKMDGGF":2},"29":{"AABFFEOBHOL":2072,"AICDIFAOJAO":1032,"BNJBGGFJNCA":"1:3,2:8","BPOGOJKCEPB":2,"CCCGLDNFPGM":6,"DGKJAFNOHLA":[1,15,9],"difficultyId":29,"difficultyLevel":2,"EGMLKNNMHPC":6,"EPLMHDHNLKK":0,"GBBHAIKHDLB":2,"GCDLEBFAOBC":[],"GPKJALKPCBD":3072,"HKLKOPMHJCF":2,"IEGKFGAPBIL":6052,"IEJEOMIOJIL":2,"IGIGIHHFMPG":0,"IJPGDCGILCM":60,"JCLIPALKNHA":0,"JPBKFLJNDOM":100,"KPHMHILPGGD":30,"KPNEFGPBEID":[1,2,3,4,5],"LILHOEJCCPE":1,"NJDCBJBOOBP":5012,"NLAEGCAJJCD":false,"OONIGCEPBAI":0,"OPPDHKMDGGF":2},"30":{"AABFFEOBHOL":2073,"AICDIFAOJAO":1033,"BNJBGGFJNCA":"1:4,2:10","BPOGOJKCEPB":4,"CCCGLDNFPGM":10,"DGKJAFNOHLA":[1,15,9],"difficultyId":30,"difficultyLevel":3,"EGMLKNNMHPC":8,"EPLMHDHNLKK":0,"GBBHAIKHDLB":2,"GCDLEBFAOBC":[],"GPKJALKPCBD":3073,"HKLKOPMHJCF":2,"IEGKFGAPBIL":6053,"IEJEOMIOJIL":2,"IGIGIHHFMPG":0,"IJPGDCGILCM":70,"JCLIPALKNHA":0,"JPBKFLJNDOM":160,"KPHMHILPGGD":30,"KPNEFGPBEID":[1,2,3,4,5],"LILHOEJCCPE":1,"NJDCBJBOOBP":5013,"NLAEGCAJJCD":false,"OONIGCEPBAI":0,"OPPDHKMDGGF":2},"31":{"AABFFEOBHOL":2074,"AICDIFAOJAO":1034,"BNJBGGFJNCA":"1:6,2:14","BPOGOJKCEPB":4,"CCCGLDNFPGM":16,"DGKJAFNOHLA":[1,15,9],"difficultyId":31,"difficultyLevel":4,"EGMLKNNMHPC":10,"EPLMHDHNLKK":0,"GBBHAIKHDLB":2,"GCDLEBFAOBC":[3],"GPKJALKPCBD":3074,"HKLKOPMHJCF":3,"IEGKFGAPBIL":6054,"IEJEOMIOJIL":2,"IGIGIHHFMPG":0,"IJPGDCGILCM":70,"JCLIPALKNHA":0,"JPBKFLJNDOM":160,"KPHMHILPGGD":30,"KPNEFGPBEID":[1,2,3,4,5],"LILHOEJCCPE":1,"NJDCBJBOOBP":5014,"NLAEGCAJJCD":false,"OONIGCEPBAI":0,"OPPDHKMDGGF":2},"32":{"AABFFEOBHOL":2081,"AICDIFAOJAO":1031,"BNJBGGFJNCA":"1:2,2:5","BPOGOJKCEPB":2,"CCCGLDNFPGM":2,"DGKJAFNOHLA":[16,11,17],"difficultyId":32,"difficultyLevel":1,"EGMLKNNMHPC":3,"EPLMHDHNLKK":0,"GBBHAIKHDLB":0,"GCDLEBFAOBC":[],"GPKJALKPCBD":3081,"HKLKOPMHJCF":2,"IEGKFGAPBIL":6061,"IEJEOMIOJIL":2,"IGIGIHHFMPG":0,"IJPGDCGILCM":60,"JCLIPALKNHA":0,"JPBKFLJNDOM":100,"KPHMHILPGGD":30,"KPNEFGPBEID":[1,2,3,4,5],"LILHOEJCCPE":1,"NJDCBJBOOBP":5011,"NLAEGCAJJCD":false,"OONIGCEPBAI":0,"OPPDHKMDGGF":2},"33":{"AABFFEOBHOL":2082,"AICDIFAOJAO":1032,"BNJBGGFJNCA":"1:3,2:8","BPOGOJKCEPB":2,"CCCGLDNFPGM":6,"DGKJAFNOHLA":[16,11,17],"difficultyId":33,"difficultyLevel":2,"EGMLKNNMHPC":6,"EPLMHDHNLKK":0,"GBBHAIKHDLB":2,"GCDLEBFAOBC":[],"GPKJALKPCBD":3082,"HKLKOPMHJCF":2,"IEGKFGAPBIL":6062,"IEJEOMIOJIL":2,"IGIGIHHFMPG":0,"IJPGDCGILCM":60,"JCLIPALKNHA":0,"JPBKFLJNDOM":100,"KPHMHILPGGD":30,"KPNEFGPBEID":[1,2,3,4,5],"LILHOEJCCPE":1,"NJDCBJBOOBP":5012,"NLAEGCAJJCD":false,"OONIGCEPBAI":0,"OPPDHKMDGGF":2},"34":{"AABFFEOBHOL":2083,"AICDIFAOJAO":1033,"BNJBGGFJNCA":"1:4,2:10","BPOGOJKCEPB":4,"CCCGLDNFPGM":10,"DGKJAFNOHLA":[16,11,17],"difficultyId":34,"difficultyLevel":3,"EGMLKNNMHPC":8,"EPLMHDHNLKK":0,"GBBHAIKHDLB":2,"GCDLEBFAOBC":[],"GPKJALKPCBD":3083,"HKLKOPMHJCF":2,"IEGKFGAPBIL":6063,"IEJEOMIOJIL":2,"IGIGIHHFMPG":0,"IJPGDCGILCM":70,"JCLIPALKNHA":0,"JPBKFLJNDOM":160,"KPHMHILPGGD":30,"KPNEFGPBEID":[1,2,3,4,5],"LILHOEJCCPE":1,"NJDCBJBOOBP":5013,"NLAEGCAJJCD":false,"OONIGCEPBAI":0,"OPPDHKMDGGF":2},"35":{"AABFFEOBHOL":2084,"AICDIFAOJAO":1034,"BNJBGGFJNCA":"1:6,2:14","BPOGOJKCEPB":4,"CCCGLDNFPGM":16,"DGKJAFNOHLA":[16,11,17],"difficultyId":35,"difficultyLevel":4,"EGMLKNNMHPC":10,"EPLMHDHNLKK":0,"GBBHAIKHDLB":2,"GCDLEBFAOBC":[3],"GPKJALKPCBD":3084,"HKLKOPMHJCF":3,"IEGKFGAPBIL":6064,"IEJEOMIOJIL":2,"IGIGIHHFMPG":0,"IJPGDCGILCM":70,"JCLIPALKNHA":0,"JPBKFLJNDOM":160,"KPHMHILPGGD":30,"KPNEFGPBEID":[1,2,3,4,5],"LILHOEJCCPE":1,"NJDCBJBOOBP":5014,"NLAEGCAJJCD":false,"OONIGCEPBAI":0,"OPPDHKMDGGF":2},"36":{"AABFFEOBHOL":2091,"AICDIFAOJAO":1031,"BNJBGGFJNCA":"1:2,2:5","BPOGOJKCEPB":2,"CCCGLDNFPGM":2,"DGKJAFNOHLA":[6,15,10],"difficultyId":36,"difficultyLevel":1,"EGMLKNNMHPC":3,"EPLMHDHNLKK":0,"GBBHAIKHDLB":0,"GCDLEBFAOBC":[],"GPKJALKPCBD":3091,"HKLKOPMHJCF":2,"IEGKFGAPBIL":6071,"IEJEOMIOJIL":2,"IGIGIHHFMPG":0,"IJPGDCGILCM":60,"JCLIPALKNHA":0,"JPBKFLJNDOM":100,"KPHMHILPGGD":30,"KPNEFGPBEID":[1,2,3,4,5],"LILHOEJCCPE":1,"NJDCBJBOOBP":5011,"NLAEGCAJJCD":false,"OONIGCEPBAI":0,"OPPDHKMDGGF":2},"37":{"AABFFEOBHOL":2092,"AICDIFAOJAO":1032,"BNJBGGFJNCA":"1:3,2:8","BPOGOJKCEPB":2,"CCCGLDNFPGM":6,"DGKJAFNOHLA":[6,15,10],"difficultyId":37,"difficultyLevel":2,"EGMLKNNMHPC":6,"EPLMHDHNLKK":0,"GBBHAIKHDLB":2,"GCDLEBFAOBC":[],"GPKJALKPCBD":3092,"HKLKOPMHJCF":2,"IEGKFGAPBIL":6072,"IEJEOMIOJIL":2,"IGIGIHHFMPG":0,"IJPGDCGILCM":60,"JCLIPALKNHA":0,"JPBKFLJNDOM":100,"KPHMHILPGGD":30,"KPNEFGPBEID":[1,2,3,4,5],"LILHOEJCCPE":1,"NJDCBJBOOBP":5012,"NLAEGCAJJCD":false,"OONIGCEPBAI":0,"OPPDHKMDGGF":2},"38":{"AABFFEOBHOL":2093,"AICDIFAOJAO":1033,"BNJBGGFJNCA":"1:4,2:10","BPOGOJKCEPB":4,"CCCGLDNFPGM":10,"DGKJAFNOHLA":[6,15,10],"difficultyId":38,"difficultyLevel":3,"EGMLKNNMHPC":8,"EPLMHDHNLKK":0,"GBBHAIKHDLB":2,"GCDLEBFAOBC":[],"GPKJALKPCBD":3093,"HKLKOPMHJCF":2,"IEGKFGAPBIL":6073,"IEJEOMIOJIL":2,"IGIGIHHFMPG":0,"IJPGDCGILCM":70,"JCLIPALKNHA":0,"JPBKFLJNDOM":160,"KPHMHILPGGD":30,"KPNEFGPBEID":[1,2,3,4,5],"LILHOEJCCPE":1,"NJDCBJBOOBP":5013,"NLAEGCAJJCD":false,"OONIGCEPBAI":0,"OPPDHKMDGGF":2},"39":{"AABFFEOBHOL":2094,"AICDIFAOJAO":1034,"BNJBGGFJNCA":"1:6,2:14","BPOGOJKCEPB":4,"CCCGLDNFPGM":16,"DGKJAFNOHLA":[6,15,10],"difficultyId":39,"difficultyLevel":4,"EGMLKNNMHPC":10,"EPLMHDHNLKK":0,"GBBHAIKHDLB":2,"GCDLEBFAOBC":[3],"GPKJALKPCBD":3094,"HKLKOPMHJCF":3,"IEGKFGAPBIL":6074,"IEJEOMIOJIL":2,"IGIGIHHFMPG":0,"IJPGDCGILCM":70,"JCLIPALKNHA":0,"JPBKFLJNDOM":160,"KPHMHILPGGD":30,"KPNEFGPBEID":[1,2,3,4,5],"LILHOEJCCPE":1,"NJDCBJBOOBP":5014,"NLAEGCAJJCD":false,"OONIGCEPBAI":0,"OPPDHKMDGGF":2},"40":{"AABFFEOBHOL":2101,"AICDIFAOJAO":1031,"BNJBGGFJNCA":"1:2,2:5","BPOGOJKCEPB":2,"CCCGLDNFPGM":2,"DGKJAFNOHLA":[16,18,13],"difficultyId":40,"difficultyLevel":1,"EGMLKNNMHPC":3,"EPLMHDHNLKK":0,"GBBHAIKHDLB":0,"GCDLEBFAOBC":[],"GPKJALKPCBD":3101,"HKLKOPMHJCF":2,"IEGKFGAPBIL":6081,"IEJEOMIOJIL":2,"IGIGIHHFMPG":0,"IJPGDCGILCM":60,"JCLIPALKNHA":0,"JPBKFLJNDOM":100,"KPHMHILPGGD":30,"KPNEFGPBEID":[1,2,3,4,5],"LILHOEJCCPE":1,"NJDCBJBOOBP":5011,"NLAEGCAJJCD":false,"OONIGCEPBAI":0,"OPPDHKMDGGF":2},"41":{"AABFFEOBHOL":2102,"AICDIFAOJAO":1032,"BNJBGGFJNCA":"1:3,2:8","BPOGOJKCEPB":2,"CCCGLDNFPGM":6,"DGKJAFNOHLA":[16,18,13],"difficultyId":41,"difficultyLevel":2,"EGMLKNNMHPC":6,"EPLMHDHNLKK":0,"GBBHAIKHDLB":2,"GCDLEBFAOBC":[],"GPKJALKPCBD":3102,"HKLKOPMHJCF":2,"IEGKFGAPBIL":6082,"IEJEOMIOJIL":2,"IGIGIHHFMPG":0,"IJPGDCGILCM":60,"JCLIPALKNHA":0,"JPBKFLJNDOM":100,"KPHMHILPGGD":30,"KPNEFGPBEID":[1,2,3,4,5],"LILHOEJCCPE":1,"NJDCBJBOOBP":5012,"NLAEGCAJJCD":false,"OONIGCEPBAI":0,"OPPDHKMDGGF":2},"42":{"AABFFEOBHOL":2103,"AICDIFAOJAO":1033,"BNJBGGFJNCA":"1:4,2:10","BPOGOJKCEPB":4,"CCCGLDNFPGM":10,"DGKJAFNOHLA":[16,18,13],"difficultyId":42,"difficultyLevel":3,"EGMLKNNMHPC":8,"EPLMHDHNLKK":0,"GBBHAIKHDLB":2,"GCDLEBFAOBC":[],"GPKJALKPCBD":3103,"HKLKOPMHJCF":2,"IEGKFGAPBIL":6083,"IEJEOMIOJIL":2,"IGIGIHHFMPG":0,"IJPGDCGILCM":70,"JCLIPALKNHA":0,"JPBKFLJNDOM":160,"KPHMHILPGGD":30,"KPNEFGPBEID":[1,2,3,4,5],"LILHOEJCCPE":1,"NJDCBJBOOBP":5013,"NLAEGCAJJCD":false,"OONIGCEPBAI":0,"OPPDHKMDGGF":2},"43":{"AABFFEOBHOL":2104,"AICDIFAOJAO":1034,"BNJBGGFJNCA":"1:6,2:14","BPOGOJKCEPB":4,"CCCGLDNFPGM":16,"DGKJAFNOHLA":[16,18,13],"difficultyId":43,"difficultyLevel":4,"EGMLKNNMHPC":10,"EPLMHDHNLKK":0,"GBBHAIKHDLB":2,"GCDLEBFAOBC":[3],"GPKJALKPCBD":3104,"HKLKOPMHJCF":3,"IEGKFGAPBIL":6084,"IEJEOMIOJIL":2,"IGIGIHHFMPG":0,"IJPGDCGILCM":70,"JCLIPALKNHA":0,"JPBKFLJNDOM":160,"KPHMHILPGGD":30,"KPNEFGPBEID":[1,2,3,4,5],"LILHOEJCCPE":1,"NJDCBJBOOBP":5014,"NLAEGCAJJCD":false,"OONIGCEPBAI":0,"OPPDHKMDGGF":2},"44":{"AABFFEOBHOL":2111,"AICDIFAOJAO":1031,"BNJBGGFJNCA":"1:2,2:5","BPOGOJKCEPB":2,"CCCGLDNFPGM":2,"DGKJAFNOHLA":[17,7,19],"difficultyId":44,"difficultyLevel":1,"EGMLKNNMHPC":3,"EPLMHDHNLKK":0,"GBBHAIKHDLB":0,"GCDLEBFAOBC":[],"GPKJALKPCBD":3111,"HKLKOPMHJCF":2,"IEGKFGAPBIL":6091,"IEJEOMIOJIL":2,"IGIGIHHFMPG":0,"IJPGDCGILCM":60,"JCLIPALKNHA":0,"JPBKFLJNDOM":100,"KPHMHILPGGD":30,"KPNEFGPBEID":[1,2,3,4,5],"LILHOEJCCPE":1,"NJDCBJBOOBP":5011,"NLAEGCAJJCD":false,"OONIGCEPBAI":0,"OPPDHKMDGGF":2},"45":{"AABFFEOBHOL":2112,"AICDIFAOJAO":1032,"BNJBGGFJNCA":"1:3,2:8","BPOGOJKCEPB":2,"CCCGLDNFPGM":6,"DGKJAFNOHLA":[17,7,19],"difficultyId":45,"difficultyLevel":2,"EGMLKNNMHPC":6,"EPLMHDHNLKK":0,"GBBHAIKHDLB":2,"GCDLEBFAOBC":[],"GPKJALKPCBD":3112,"HKLKOPMHJCF":2,"IEGKFGAPBIL":6092,"IEJEOMIOJIL":2,"IGIGIHHFMPG":0,"IJPGDCGILCM":60,"JCLIPALKNHA":0,"JPBKFLJNDOM":100,"KPHMHILPGGD":30,"KPNEFGPBEID":[1,2,3,4,5],"LILHOEJCCPE":1,"NJDCBJBOOBP":5012,"NLAEGCAJJCD":false,"OONIGCEPBAI":0,"OPPDHKMDGGF":2},"46":{"AABFFEOBHOL":2113,"AICDIFAOJAO":1033,"BNJBGGFJNCA":"1:4,2:10","BPOGOJKCEPB":4,"CCCGLDNFPGM":10,"DGKJAFNOHLA":[17,7,19],"difficultyId":46,"difficultyLevel":3,"EGMLKNNMHPC":8,"EPLMHDHNLKK":0,"GBBHAIKHDLB":2,"GCDLEBFAOBC":[],"GPKJALKPCBD":3113,"HKLKOPMHJCF":2,"IEGKFGAPBIL":6093,"IEJEOMIOJIL":2,"IGIGIHHFMPG":0,"IJPGDCGILCM":70,"JCLIPALKNHA":0,"JPBKFLJNDOM":160,"KPHMHILPGGD":30,"KPNEFGPBEID":[1,2,3,4,5],"LILHOEJCCPE":1,"NJDCBJBOOBP":5013,"NLAEGCAJJCD":false,"OONIGCEPBAI":0,"OPPDHKMDGGF":2},"47":{"AABFFEOBHOL":2114,"AICDIFAOJAO":1034,"BNJBGGFJNCA":"1:6,2:14","BPOGOJKCEPB":4,"CCCGLDNFPGM":16,"DGKJAFNOHLA":[17,7,19],"difficultyId":47,"difficultyLevel":4,"EGMLKNNMHPC":10,"EPLMHDHNLKK":0,"GBBHAIKHDLB":2,"GCDLEBFAOBC":[3],"GPKJALKPCBD":3114,"HKLKOPMHJCF":3,"IEGKFGAPBIL":6094,"IEJEOMIOJIL":2,"IGIGIHHFMPG":0,"IJPGDCGILCM":70,"JCLIPALKNHA":0,"JPBKFLJNDOM":160,"KPHMHILPGGD":30,"KPNEFGPBEID":[1,2,3,4,5],"LILHOEJCCPE":1,"NJDCBJBOOBP":5014,"NLAEGCAJJCD":false,"OONIGCEPBAI":0,"OPPDHKMDGGF":2},"48":{"AABFFEOBHOL":2121,"AICDIFAOJAO":1031,"BNJBGGFJNCA":"1:2,2:5","BPOGOJKCEPB":2,"CCCGLDNFPGM":2,"DGKJAFNOHLA":[1,16,14],"difficultyId":48,"difficultyLevel":1,"EGMLKNNMHPC":3,"EPLMHDHNLKK":0,"GBBHAIKHDLB":0,"GCDLEBFAOBC":[],"GPKJALKPCBD":3115,"HKLKOPMHJCF":2,"IEGKFGAPBIL":6095,"IEJEOMIOJIL":2,"IGIGIHHFMPG":0,"IJPGDCGILCM":60,"JCLIPALKNHA":0,"JPBKFLJNDOM":100,"KPHMHILPGGD":30,"KPNEFGPBEID":[1,2,3,4,5],"LILHOEJCCPE":1,"NJDCBJBOOBP":5011,"NLAEGCAJJCD":false,"OONIGCEPBAI":0,"OPPDHKMDGGF":2},"49":{"AABFFEOBHOL":2122,"AICDIFAOJAO":1032,"BNJBGGFJNCA":"1:3,2:8","BPOGOJKCEPB":2,"CCCGLDNFPGM":6,"DGKJAFNOHLA":[1,16,14],"difficultyId":49,"difficultyLevel":2,"EGMLKNNMHPC":6,"EPLMHDHNLKK":0,"GBBHAIKHDLB":2,"GCDLEBFAOBC":[],"GPKJALKPCBD":3116,"HKLKOPMHJCF":2,"IEGKFGAPBIL":6096,"IEJEOMIOJIL":2,"IGIGIHHFMPG":0,"IJPGDCGILCM":60,"JCLIPALKNHA":0,"JPBKFLJNDOM":100,"KPHMHILPGGD":30,"KPNEFGPBEID":[1,2,3,4,5],"LILHOEJCCPE":1,"NJDCBJBOOBP":5012,"NLAEGCAJJCD":false,"OONIGCEPBAI":0,"OPPDHKMDGGF":2},"50":{"AABFFEOBHOL":2123,"AICDIFAOJAO":1033,"BNJBGGFJNCA":"1:4,2:10","BPOGOJKCEPB":4,"CCCGLDNFPGM":10,"DGKJAFNOHLA":[1,16,14],"difficultyId":50,"difficultyLevel":3,"EGMLKNNMHPC":8,"EPLMHDHNLKK":0,"GBBHAIKHDLB":2,"GCDLEBFAOBC":[],"GPKJALKPCBD":3117,"HKLKOPMHJCF":2,"IEGKFGAPBIL":6097,"IEJEOMIOJIL":2,"IGIGIHHFMPG":0,"IJPGDCGILCM":70,"JCLIPALKNHA":0,"JPBKFLJNDOM":160,"KPHMHILPGGD":30,"KPNEFGPBEID":[1,2,3,4,5],"LILHOEJCCPE":1,"NJDCBJBOOBP":5013,"NLAEGCAJJCD":false,"OONIGCEPBAI":0,"OPPDHKMDGGF":2},"51":{"AABFFEOBHOL":2124,"AICDIFAOJAO":1034,"BNJBGGFJNCA":"1:6,2:14","BPOGOJKCEPB":4,"CCCGLDNFPGM":16,"DGKJAFNOHLA":[1,16,14],"difficultyId":51,"difficultyLevel":4,"EGMLKNNMHPC":10,"EPLMHDHNLKK":0,"GBBHAIKHDLB":2,"GCDLEBFAOBC":[3],"GPKJALKPCBD":3118,"HKLKOPMHJCF":3,"IEGKFGAPBIL":6098,"IEJEOMIOJIL":2,"IGIGIHHFMPG":0,"IJPGDCGILCM":70,"JCLIPALKNHA":0,"JPBKFLJNDOM":160,"KPHMHILPGGD":30,"KPNEFGPBEID":[1,2,3,4,5],"LILHOEJCCPE":1,"NJDCBJBOOBP":5014,"NLAEGCAJJCD":false,"OONIGCEPBAI":0,"OPPDHKMDGGF":2},"52":{"AABFFEOBHOL":2131,"AICDIFAOJAO":1031,"BNJBGGFJNCA":"1:2,2:5","BPOGOJKCEPB":2,"CCCGLDNFPGM":2,"DGKJAFNOHLA":[17,10,20],"difficultyId":52,"difficultyLevel":1,"EGMLKNNMHPC":3,"EPLMHDHNLKK":0,"GBBHAIKHDLB":0,"GCDLEBFAOBC":[],"GPKJALKPCBD":3121,"HKLKOPMHJCF":2,"IEGKFGAPBIL":6101,"IEJEOMIOJIL":2,"IGIGIHHFMPG":0,"IJPGDCGILCM":60,"JCLIPALKNHA":0,"JPBKFLJNDOM":100,"KPHMHILPGGD":30,"KPNEFGPBEID":[1,2,3,4,5],"LILHOEJCCPE":1,"NJDCBJBOOBP":5011,"NLAEGCAJJCD":false,"OONIGCEPBAI":0,"OPPDHKMDGGF":2},"53":{"AABFFEOBHOL":2132,"AICDIFAOJAO":1032,"BNJBGGFJNCA":"1:3,2:8","BPOGOJKCEPB":2,"CCCGLDNFPGM":6,"DGKJAFNOHLA":[17,10,20],"difficultyId":53,"difficultyLevel":2,"EGMLKNNMHPC":6,"EPLMHDHNLKK":0,"GBBHAIKHDLB":2,"GCDLEBFAOBC":[],"GPKJALKPCBD":3122,"HKLKOPMHJCF":2,"IEGKFGAPBIL":6102,"IEJEOMIOJIL":2,"IGIGIHHFMPG":0,"IJPGDCGILCM":60,"JCLIPALKNHA":0,"JPBKFLJNDOM":100,"KPHMHILPGGD":30,"KPNEFGPBEID":[1,2,3,4,5],"LILHOEJCCPE":1,"NJDCBJBOOBP":5012,"NLAEGCAJJCD":false,"OONIGCEPBAI":0,"OPPDHKMDGGF":2},"54":{"AABFFEOBHOL":2133,"AICDIFAOJAO":1033,"BNJBGGFJNCA":"1:4,2:10","BPOGOJKCEPB":4,"CCCGLDNFPGM":10,"DGKJAFNOHLA":[17,10,20],"difficultyId":54,"difficultyLevel":3,"EGMLKNNMHPC":8,"EPLMHDHNLKK":0,"GBBHAIKHDLB":2,"GCDLEBFAOBC":[],"GPKJALKPCBD":3123,"HKLKOPMHJCF":2,"IEGKFGAPBIL":6103,"IEJEOMIOJIL":2,"IGIGIHHFMPG":0,"IJPGDCGILCM":70,"JCLIPALKNHA":0,"JPBKFLJNDOM":160,"KPHMHILPGGD":30,"KPNEFGPBEID":[1,2,3,4,5],"LILHOEJCCPE":1,"NJDCBJBOOBP":5013,"NLAEGCAJJCD":false,"OONIGCEPBAI":0,"OPPDHKMDGGF":2},"55":{"AABFFEOBHOL":2134,"AICDIFAOJAO":1034,"BNJBGGFJNCA":"1:6,2:14","BPOGOJKCEPB":4,"CCCGLDNFPGM":16,"DGKJAFNOHLA":[17,10,20],"difficultyId":55,"difficultyLevel":4,"EGMLKNNMHPC":10,"EPLMHDHNLKK":0,"GBBHAIKHDLB":2,"GCDLEBFAOBC":[3],"GPKJALKPCBD":3124,"HKLKOPMHJCF":3,"IEGKFGAPBIL":6104,"IEJEOMIOJIL":2,"IGIGIHHFMPG":0,"IJPGDCGILCM":70,"JCLIPALKNHA":0,"JPBKFLJNDOM":160,"KPHMHILPGGD":30,"KPNEFGPBEID":[1,2,3,4,5],"LILHOEJCCPE":1,"NJDCBJBOOBP":5014,"NLAEGCAJJCD":false,"OONIGCEPBAI":0,"OPPDHKMDGGF":2},"56":{"AABFFEOBHOL":2141,"AICDIFAOJAO":1031,"BNJBGGFJNCA":"1:2,2:5","BPOGOJKCEPB":2,"CCCGLDNFPGM":2,"DGKJAFNOHLA":[1,3,2],"difficultyId":56,"difficultyLevel":1,"EGMLKNNMHPC":3,"EPLMHDHNLKK":2,"GBBHAIKHDLB":0,"GCDLEBFAOBC":[],"GPKJALKPCBD":3131,"HKLKOPMHJCF":2,"IEGKFGAPBIL":6111,"IEJEOMIOJIL":2,"IGIGIHHFMPG":0,"IJPGDCGILCM":60,"JCLIPALKNHA":0,"JPBKFLJNDOM":100,"KPHMHILPGGD":30,"KPNEFGPBEID":[1,2,3,4,5],"LILHOEJCCPE":1,"NJDCBJBOOBP":5011,"NLAEGCAJJCD":false,"OONIGCEPBAI":0,"OPPDHKMDGGF":2},"57":{"AABFFEOBHOL":2142,"AICDIFAOJAO":1032,"BNJBGGFJNCA":"1:3,2:8","BPOGOJKCEPB":2,"CCCGLDNFPGM":6,"DGKJAFNOHLA":[1,3,2],"difficultyId":57,"difficultyLevel":2,"EGMLKNNMHPC":6,"EPLMHDHNLKK":2,"GBBHAIKHDLB":2,"GCDLEBFAOBC":[],"GPKJALKPCBD":3132,"HKLKOPMHJCF":2,"IEGKFGAPBIL":6112,"IEJEOMIOJIL":2,"IGIGIHHFMPG":0,"IJPGDCGILCM":60,"JCLIPALKNHA":0,"JPBKFLJNDOM":100,"KPHMHILPGGD":30,"KPNEFGPBEID":[1,2,3,4,5],"LILHOEJCCPE":1,"NJDCBJBOOBP":5012,"NLAEGCAJJCD":false,"OONIGCEPBAI":0,"OPPDHKMDGGF":2},"58":{"AABFFEOBHOL":2143,"AICDIFAOJAO":1033,"BNJBGGFJNCA":"1:4,2:10","BPOGOJKCEPB":4,"CCCGLDNFPGM":10,"DGKJAFNOHLA":[1,3,2],"difficultyId":58,"difficultyLevel":3,"EGMLKNNMHPC":8,"EPLMHDHNLKK":2,"GBBHAIKHDLB":2,"GCDLEBFAOBC":[],"GPKJALKPCBD":3133,"HKLKOPMHJCF":2,"IEGKFGAPBIL":6113,"IEJEOMIOJIL":2,"IGIGIHHFMPG":0,"IJPGDCGILCM":70,"JCLIPALKNHA":0,"JPBKFLJNDOM":160,"KPHMHILPGGD":30,"KPNEFGPBEID":[1,2,3,4,5],"LILHOEJCCPE":1,"NJDCBJBOOBP":5013,"NLAEGCAJJCD":false,"OONIGCEPBAI":0,"OPPDHKMDGGF":2},"59":{"AABFFEOBHOL":2144,"AICDIFAOJAO":1034,"BNJBGGFJNCA":"1:6,2:14","BPOGOJKCEPB":4,"CCCGLDNFPGM":16,"DGKJAFNOHLA":[1,3,2],"difficultyId":59,"difficultyLevel":4,"EGMLKNNMHPC":10,"EPLMHDHNLKK":2,"GBBHAIKHDLB":2,"GCDLEBFAOBC":[3],"GPKJALKPCBD":3134,"HKLKOPMHJCF":3,"IEGKFGAPBIL":6114,"IEJEOMIOJIL":2,"IGIGIHHFMPG":0,"IJPGDCGILCM":70,"JCLIPALKNHA":0,"JPBKFLJNDOM":160,"KPHMHILPGGD":30,"KPNEFGPBEID":[1,2,3,4,5],"LILHOEJCCPE":1,"NJDCBJBOOBP":5014,"NLAEGCAJJCD":false,"OONIGCEPBAI":0,"OPPDHKMDGGF":2},"60":{"AABFFEOBHOL":2151,"AICDIFAOJAO":1031,"BNJBGGFJNCA":"1:2,2:5","BPOGOJKCEPB":2,"CCCGLDNFPGM":2,"DGKJAFNOHLA":[11,18,5],"difficultyId":60,"difficultyLevel":1,"EGMLKNNMHPC":3,"EPLMHDHNLKK":2,"GBBHAIKHDLB":0,"GCDLEBFAOBC":[],"GPKJALKPCBD":3141,"HKLKOPMHJCF":2,"IEGKFGAPBIL":6121,"IEJEOMIOJIL":2,"IGIGIHHFMPG":0,"IJPGDCGILCM":60,"JCLIPALKNHA":0,"JPBKFLJNDOM":100,"KPHMHILPGGD":30,"KPNEFGPBEID":[1,2,3,4,5],"LILHOEJCCPE":1,"NJDCBJBOOBP":5021,"NLAEGCAJJCD":false,"OONIGCEPBAI":0,"OPPDHKMDGGF":2},"61":{"AABFFEOBHOL":2152,"AICDIFAOJAO":1032,"BNJBGGFJNCA":"1:3,2:8","BPOGOJKCEPB":2,"CCCGLDNFPGM":6,"DGKJAFNOHLA":[11,18,5],"difficultyId":61,"difficultyLevel":2,"EGMLKNNMHPC":6,"EPLMHDHNLKK":2,"GBBHAIKHDLB":2,"GCDLEBFAOBC":[],"GPKJALKPCBD":3142,"HKLKOPMHJCF":2,"IEGKFGAPBIL":6121,"IEJEOMIOJIL":2,"IGIGIHHFMPG":0,"IJPGDCGILCM":60,"JCLIPALKNHA":0,"JPBKFLJNDOM":100,"KPHMHILPGGD":30,"KPNEFGPBEID":[1,2,3,4,5],"LILHOEJCCPE":1,"NJDCBJBOOBP":5022,"NLAEGCAJJCD":false,"OONIGCEPBAI":0,"OPPDHKMDGGF":2},"62":{"AABFFEOBHOL":2153,"AICDIFAOJAO":1033,"BNJBGGFJNCA":"1:4,2:10","BPOGOJKCEPB":4,"CCCGLDNFPGM":10,"DGKJAFNOHLA":[11,18,5],"difficultyId":62,"difficultyLevel":3,"EGMLKNNMHPC":8,"EPLMHDHNLKK":2,"GBBHAIKHDLB":2,"GCDLEBFAOBC":[],"GPKJALKPCBD":3143,"HKLKOPMHJCF":2,"IEGKFGAPBIL":6121,"IEJEOMIOJIL":2,"IGIGIHHFMPG":0,"IJPGDCGILCM":70,"JCLIPALKNHA":0,"JPBKFLJNDOM":160,"KPHMHILPGGD":30,"KPNEFGPBEID":[1,2,3,4,5],"LILHOEJCCPE":1,"NJDCBJBOOBP":5023,"NLAEGCAJJCD":false,"OONIGCEPBAI":0,"OPPDHKMDGGF":2},"63":{"AABFFEOBHOL":2154,"AICDIFAOJAO":1034,"BNJBGGFJNCA":"1:6,2:14","BPOGOJKCEPB":4,"CCCGLDNFPGM":16,"DGKJAFNOHLA":[11,18,5],"difficultyId":63,"difficultyLevel":4,"EGMLKNNMHPC":10,"EPLMHDHNLKK":3,"GBBHAIKHDLB":2,"GCDLEBFAOBC":[3],"GPKJALKPCBD":3144,"HKLKOPMHJCF":3,"IEGKFGAPBIL":6121,"IEJEOMIOJIL":2,"IGIGIHHFMPG":0,"IJPGDCGILCM":70,"JCLIPALKNHA":0,"JPBKFLJNDOM":160,"KPHMHILPGGD":30,"KPNEFGPBEID":[1,2,3,4,5],"LILHOEJCCPE":1,"NJDCBJBOOBP":5024,"NLAEGCAJJCD":false,"OONIGCEPBAI":0,"OPPDHKMDGGF":2},"64":{"AABFFEOBHOL":2155,"AICDIFAOJAO":1034,"BNJBGGFJNCA":"1:8,2:18","BPOGOJKCEPB":4,"CCCGLDNFPGM":22,"DGKJAFNOHLA":[11,18,5],"difficultyId":64,"difficultyLevel":5,"EGMLKNNMHPC":10,"EPLMHDHNLKK":3,"GBBHAIKHDLB":2,"GCDLEBFAOBC":[4],"GPKJALKPCBD":3145,"HKLKOPMHJCF":3,"IEGKFGAPBIL":6121,"IEJEOMIOJIL":2,"IGIGIHHFMPG":10001,"IJPGDCGILCM":70,"JCLIPALKNHA":0,"JPBKFLJNDOM":160,"KPHMHILPGGD":30,"KPNEFGPBEID":[1,2,3,4,5],"LILHOEJCCPE":1,"NJDCBJBOOBP":5025,"NLAEGCAJJCD":true,"OONIGCEPBAI":3,"OPPDHKMDGGF":2},"65":{"AABFFEOBHOL":2161,"AICDIFAOJAO":1035,"BNJBGGFJNCA":"1:2,2:5","BPOGOJKCEPB":2,"CCCGLDNFPGM":2,"DGKJAFNOHLA":[11,2,7],"difficultyId":65,"difficultyLevel":1,"EGMLKNNMHPC":3,"EPLMHDHNLKK":2,"GBBHAIKHDLB":0,"GCDLEBFAOBC":[],"GPKJALKPCBD":3151,"HKLKOPMHJCF":2,"IEGKFGAPBIL":6131,"IEJEOMIOJIL":2,"IGIGIHHFMPG":0,"IJPGDCGILCM":60,"JCLIPALKNHA":0,"JPBKFLJNDOM":100,"KPHMHILPGGD":30,"KPNEFGPBEID":[1,2,3,4,5],"LILHOEJCCPE":1,"NJDCBJBOOBP":5021,"NLAEGCAJJCD":false,"OONIGCEPBAI":0,"OPPDHKMDGGF":2},"66":{"AABFFEOBHOL":2162,"AICDIFAOJAO":1036,"BNJBGGFJNCA":"1:3,2:8","BPOGOJKCEPB":2,"CCCGLDNFPGM":6,"DGKJAFNOHLA":[11,2,7],"difficultyId":66,"difficultyLevel":2,"EGMLKNNMHPC":6,"EPLMHDHNLKK":2,"GBBHAIKHDLB":2,"GCDLEBFAOBC":[],"GPKJALKPCBD":3152,"HKLKOPMHJCF":2,"IEGKFGAPBIL":6131,"IEJEOMIOJIL":2,"IGIGIHHFMPG":0,"IJPGDCGILCM":60,"JCLIPALKNHA":0,"JPBKFLJNDOM":100,"KPHMHILPGGD":30,"KPNEFGPBEID":[1,2,3,4,5],"LILHOEJCCPE":1,"NJDCBJBOOBP":5022,"NLAEGCAJJCD":false,"OONIGCEPBAI":0,"OPPDHKMDGGF":2},"67":{"AABFFEOBHOL":2163,"AICDIFAOJAO":1037,"BNJBGGFJNCA":"1:4,2:10","BPOGOJKCEPB":4,"CCCGLDNFPGM":10,"DGKJAFNOHLA":[11,2,7],"difficultyId":67,"difficultyLevel":3,"EGMLKNNMHPC":8,"EPLMHDHNLKK":2,"GBBHAIKHDLB":2,"GCDLEBFAOBC":[],"GPKJALKPCBD":3153,"HKLKOPMHJCF":2,"IEGKFGAPBIL":6131,"IEJEOMIOJIL":2,"IGIGIHHFMPG":0,"IJPGDCGILCM":70,"JCLIPALKNHA":0,"JPBKFLJNDOM":160,"KPHMHILPGGD":30,"KPNEFGPBEID":[1,2,3,4,5],"LILHOEJCCPE":1,"NJDCBJBOOBP":5023,"NLAEGCAJJCD":false,"OONIGCEPBAI":0,"OPPDHKMDGGF":2},"68":{"AABFFEOBHOL":2164,"AICDIFAOJAO":1038,"BNJBGGFJNCA":"1:6,2:14","BPOGOJKCEPB":4,"CCCGLDNFPGM":16,"DGKJAFNOHLA":[11,2,7],"difficultyId":68,"difficultyLevel":4,"EGMLKNNMHPC":10,"EPLMHDHNLKK":3,"GBBHAIKHDLB":2,"GCDLEBFAOBC":[3],"GPKJALKPCBD":3154,"HKLKOPMHJCF":3,"IEGKFGAPBIL":6131,"IEJEOMIOJIL":2,"IGIGIHHFMPG":0,"IJPGDCGILCM":70,"JCLIPALKNHA":0,"JPBKFLJNDOM":160,"KPHMHILPGGD":30,"KPNEFGPBEID":[1,2,3,4,5],"LILHOEJCCPE":1,"NJDCBJBOOBP":5024,"NLAEGCAJJCD":false,"OONIGCEPBAI":0,"OPPDHKMDGGF":2},"69":{"AABFFEOBHOL":2165,"AICDIFAOJAO":1038,"BNJBGGFJNCA":"1:8,2:18","BPOGOJKCEPB":4,"CCCGLDNFPGM":22,"DGKJAFNOHLA":[11,2,7],"difficultyId":69,"difficultyLevel":5,"EGMLKNNMHPC":10,"EPLMHDHNLKK":3,"GBBHAIKHDLB":2,"GCDLEBFAOBC":[4],"GPKJALKPCBD":3155,"HKLKOPMHJCF":3,"IEGKFGAPBIL":6131,"IEJEOMIOJIL":2,"IGIGIHHFMPG":10002,"IJPGDCGILCM":70,"JCLIPALKNHA":0,"JPBKFLJNDOM":160,"KPHMHILPGGD":30,"KPNEFGPBEID":[1,2,3,4,5],"LILHOEJCCPE":1,"NJDCBJBOOBP":5025,"NLAEGCAJJCD":true,"OONIGCEPBAI":3,"OPPDHKMDGGF":2},"70":{"AABFFEOBHOL":2171,"AICDIFAOJAO":1035,"BNJBGGFJNCA":"1:2,2:5","BPOGOJKCEPB":2,"CCCGLDNFPGM":2,"DGKJAFNOHLA":[14,20,15],"difficultyId":70,"difficultyLevel":1,"EGMLKNNMHPC":3,"EPLMHDHNLKK":2,"GBBHAIKHDLB":0,"GCDLEBFAOBC":[],"GPKJALKPCBD":3161,"HKLKOPMHJCF":2,"IEGKFGAPBIL":6141,"IEJEOMIOJIL":2,"IGIGIHHFMPG":0,"IJPGDCGILCM":60,"JCLIPALKNHA":0,"JPBKFLJNDOM":100,"KPHMHILPGGD":30,"KPNEFGPBEID":[1,2,3,4,5],"LILHOEJCCPE":1,"NJDCBJBOOBP":5021,"NLAEGCAJJCD":false,"OONIGCEPBAI":0,"OPPDHKMDGGF":2},"71":{"AABFFEOBHOL":2172,"AICDIFAOJAO":1036,"BNJBGGFJNCA":"1:3,2:8","BPOGOJKCEPB":2,"CCCGLDNFPGM":6,"DGKJAFNOHLA":[14,20,15],"difficultyId":71,"difficultyLevel":2,"EGMLKNNMHPC":6,"EPLMHDHNLKK":2,"GBBHAIKHDLB":2,"GCDLEBFAOBC":[],"GPKJALKPCBD":3162,"HKLKOPMHJCF":2,"IEGKFGAPBIL":6141,"IEJEOMIOJIL":2,"IGIGIHHFMPG":0,"IJPGDCGILCM":60,"JCLIPALKNHA":0,"JPBKFLJNDOM":100,"KPHMHILPGGD":30,"KPNEFGPBEID":[1,2,3,4,5],"LILHOEJCCPE":1,"NJDCBJBOOBP":5022,"NLAEGCAJJCD":false,"OONIGCEPBAI":0,"OPPDHKMDGGF":2},"72":{"AABFFEOBHOL":2173,"AICDIFAOJAO":1037,"BNJBGGFJNCA":"1:4,2:10","BPOGOJKCEPB":4,"CCCGLDNFPGM":10,"DGKJAFNOHLA":[14,20,15],"difficultyId":72,"difficultyLevel":3,"EGMLKNNMHPC":8,"EPLMHDHNLKK":2,"GBBHAIKHDLB":2,"GCDLEBFAOBC":[],"GPKJALKPCBD":3163,"HKLKOPMHJCF":2,"IEGKFGAPBIL":6141,"IEJEOMIOJIL":2,"IGIGIHHFMPG":0,"IJPGDCGILCM":70,"JCLIPALKNHA":0,"JPBKFLJNDOM":160,"KPHMHILPGGD":30,"KPNEFGPBEID":[1,2,3,4,5],"LILHOEJCCPE":1,"NJDCBJBOOBP":5023,"NLAEGCAJJCD":false,"OONIGCEPBAI":0,"OPPDHKMDGGF":2},"73":{"AABFFEOBHOL":2174,"AICDIFAOJAO":1038,"BNJBGGFJNCA":"1:6,2:14","BPOGOJKCEPB":4,"CCCGLDNFPGM":16,"DGKJAFNOHLA":[14,20,15],"difficultyId":73,"difficultyLevel":4,"EGMLKNNMHPC":10,"EPLMHDHNLKK":3,"GBBHAIKHDLB":2,"GCDLEBFAOBC":[3],"GPKJALKPCBD":3164,"HKLKOPMHJCF":3,"IEGKFGAPBIL":6141,"IEJEOMIOJIL":2,"IGIGIHHFMPG":0,"IJPGDCGILCM":70,"JCLIPALKNHA":0,"JPBKFLJNDOM":160,"KPHMHILPGGD":30,"KPNEFGPBEID":[1,2,3,4,5],"LILHOEJCCPE":1,"NJDCBJBOOBP":5024,"NLAEGCAJJCD":false,"OONIGCEPBAI":0,"OPPDHKMDGGF":2},"74":{"AABFFEOBHOL":2175,"AICDIFAOJAO":1038,"BNJBGGFJNCA":"1:8,2:18","BPOGOJKCEPB":4,"CCCGLDNFPGM":22,"DGKJAFNOHLA":[14,20,15],"difficultyId":74,"difficultyLevel":5,"EGMLKNNMHPC":10,"EPLMHDHNLKK":3,"GBBHAIKHDLB":2,"GCDLEBFAOBC":[4],"GPKJALKPCBD":3165,"HKLKOPMHJCF":3,"IEGKFGAPBIL":6141,"IEJEOMIOJIL":2,"IGIGIHHFMPG":10003,"IJPGDCGILCM":70,"JCLIPALKNHA":0,"JPBKFLJNDOM":160,"KPHMHILPGGD":30,"KPNEFGPBEID":[1,2,3,4,5],"LILHOEJCCPE":1,"NJDCBJBOOBP":5025,"NLAEGCAJJCD":true,"OONIGCEPBAI":3,"OPPDHKMDGGF":2},"75":{"AABFFEOBHOL":2181,"AICDIFAOJAO":1035,"BNJBGGFJNCA":"1:2,2:5","BPOGOJKCEPB":2,"CCCGLDNFPGM":2,"DGKJAFNOHLA":[1,11,6],"difficultyId":75,"difficultyLevel":1,"EGMLKNNMHPC":3,"EPLMHDHNLKK":2,"GBBHAIKHDLB":0,"GCDLEBFAOBC":[],"GPKJALKPCBD":3171,"HKLKOPMHJCF":2,"IEGKFGAPBIL":6151,"IEJEOMIOJIL":2,"IGIGIHHFMPG":0,"IJPGDCGILCM":60,"JCLIPALKNHA":0,"JPBKFLJNDOM":100,"KPHMHILPGGD":30,"KPNEFGPBEID":[1,2,3,4,5],"LILHOEJCCPE":1,"NJDCBJBOOBP":5021,"NLAEGCAJJCD":false,"OONIGCEPBAI":0,"OPPDHKMDGGF":2},"76":{"AABFFEOBHOL":2182,"AICDIFAOJAO":1036,"BNJBGGFJNCA":"1:3,2:8","BPOGOJKCEPB":2,"CCCGLDNFPGM":6,"DGKJAFNOHLA":[1,11,6],"difficultyId":76,"difficultyLevel":2,"EGMLKNNMHPC":6,"EPLMHDHNLKK":2,"GBBHAIKHDLB":2,"GCDLEBFAOBC":[],"GPKJALKPCBD":3172,"HKLKOPMHJCF":2,"IEGKFGAPBIL":6151,"IEJEOMIOJIL":2,"IGIGIHHFMPG":0,"IJPGDCGILCM":60,"JCLIPALKNHA":0,"JPBKFLJNDOM":100,"KPHMHILPGGD":30,"KPNEFGPBEID":[1,2,3,4,5],"LILHOEJCCPE":1,"NJDCBJBOOBP":5022,"NLAEGCAJJCD":false,"OONIGCEPBAI":0,"OPPDHKMDGGF":2},"77":{"AABFFEOBHOL":2183,"AICDIFAOJAO":1037,"BNJBGGFJNCA":"1:4,2:10","BPOGOJKCEPB":4,"CCCGLDNFPGM":10,"DGKJAFNOHLA":[1,11,6],"difficultyId":77,"difficultyLevel":3,"EGMLKNNMHPC":8,"EPLMHDHNLKK":2,"GBBHAIKHDLB":2,"GCDLEBFAOBC":[],"GPKJALKPCBD":3173,"HKLKOPMHJCF":2,"IEGKFGAPBIL":6151,"IEJEOMIOJIL":2,"IGIGIHHFMPG":0,"IJPGDCGILCM":70,"JCLIPALKNHA":0,"JPBKFLJNDOM":160,"KPHMHILPGGD":30,"KPNEFGPBEID":[1,2,3,4,5],"LILHOEJCCPE":1,"NJDCBJBOOBP":5023,"NLAEGCAJJCD":false,"OONIGCEPBAI":0,"OPPDHKMDGGF":2},"78":{"AABFFEOBHOL":2184,"AICDIFAOJAO":1038,"BNJBGGFJNCA":"1:6,2:14","BPOGOJKCEPB":4,"CCCGLDNFPGM":16,"DGKJAFNOHLA":[1,11,6],"difficultyId":78,"difficultyLevel":4,"EGMLKNNMHPC":10,"EPLMHDHNLKK":3,"GBBHAIKHDLB":2,"GCDLEBFAOBC":[3],"GPKJALKPCBD":3174,"HKLKOPMHJCF":3,"IEGKFGAPBIL":6151,"IEJEOMIOJIL":2,"IGIGIHHFMPG":0,"IJPGDCGILCM":70,"JCLIPALKNHA":0,"JPBKFLJNDOM":160,"KPHMHILPGGD":30,"KPNEFGPBEID":[1,2,3,4,5],"LILHOEJCCPE":1,"NJDCBJBOOBP":5024,"NLAEGCAJJCD":false,"OONIGCEPBAI":0,"OPPDHKMDGGF":2},"79":{"AABFFEOBHOL":2185,"AICDIFAOJAO":1038,"BNJBGGFJNCA":"1:8,2:18","BPOGOJKCEPB":4,"CCCGLDNFPGM":22,"DGKJAFNOHLA":[1,11,6],"difficultyId":79,"difficultyLevel":5,"EGMLKNNMHPC":10,"EPLMHDHNLKK":3,"GBBHAIKHDLB":2,"GCDLEBFAOBC":[4],"GPKJALKPCBD":3175,"HKLKOPMHJCF":3,"IEGKFGAPBIL":6151,"IEJEOMIOJIL":2,"IGIGIHHFMPG":10004,"IJPGDCGILCM":70,"JCLIPALKNHA":0,"JPBKFLJNDOM":160,"KPHMHILPGGD":30,"KPNEFGPBEID":[1,2,3,4,5],"LILHOEJCCPE":1,"NJDCBJBOOBP":5025,"NLAEGCAJJCD":true,"OONIGCEPBAI":3,"OPPDHKMDGGF":2}}